키워드,회사명,제목,링크,지역,경력,학력,연봉,고용형태,마감일,직무분야,연봉정보
python,(주)만들다컴퍼니,"지속 성장가능한 개발 인력 모집-Flutter,Python,JAVA,재택가능",https://www.saramin.co.kr/zf_user/jobs/relay/view?view_type=search&rec_idx=49472340&location=ts&searchword=python&searchType=search&paid_fl=n&search_uuid=cc2fbb87-1ae2-4218-976c-23ac9305dd08,경기 안양시 동안구,경력무관,대졸↑,"3,000 만원",정규직,채용시,"Python, Java, 웹개발, 백엔드/서버개발, 앱개발 외                    수정일 24/11/26",인기있는
python,(주)니트머스,"[신입/경력] 온라인 광고 플랫폼 개발 (Python, Django)",https://www.saramin.co.kr/zf_user/jobs/relay/view?view_type=search&rec_idx=49214740&location=ts&searchword=python&searchType=search&paid_fl=n&search_uuid=cc2fbb87-1ae2-4218-976c-23ac9305dd08,서울 영등포구,신입,초대졸↑,"3,300 만원",정규직,~ 12/16(월),"Python, 웹개발, 백엔드/서버개발, S/W, Django 외                    수정일 24/11/22",연봉상승률 10% 이상
python,(주)씨에스엠17,NestJS+Python 백엔드 개발자 팀장 채용,https://www.saramin.co.kr/zf_user/jobs/relay/view?view_type=search&rec_idx=49328612&location=ts&searchword=python&searchType=search&paid_fl=n&search_uuid=cc2fbb87-1ae2-4218-976c-23ac9305dd08,서울 금천구,경력5년↑,대졸↑,"7,000 만원",정규직,~ 12/03(화),"Python, C++, AWS, 웹개발, 백엔드/서버개발 외                    수정일 24/11/04",취업축하금
python,(주)기가스,"[경력] Payment Service 개발팀 백엔드/Python,Django 정규직",https://www.saramin.co.kr/zf_user/jobs/relay/view?view_type=search&rec_idx=49217419&location=ts&searchword=python&searchType=search&paid_fl=n&search_uuid=cc2fbb87-1ae2-4218-976c-23ac9305dd08,대구 수성구,경력4년↑,대졸↑,"6,000 만원",정규직,~ 12/16(월),"Python, 솔루션, 웹개발, 백엔드/서버개발, Django 외                    수정일 24/10/31",자유로운 연차
python,화랑,Vision/MFC/C# Python Tensorflow CUDA yolo v8 개발직,https://www.saramin.co.kr/zf_user/jobs/relay/view?view_type=search&rec_idx=49360095&location=ts&searchword=python&searchType=search&paid_fl=n&search_uuid=8fed3b45-e826-4d3e-8484-97e631f24036,충남 천안시 동남구,경력무관,초대졸↑,"2,500 만원",정규직,~ 01/07(화),"Python, C++, 솔루션, DBMS, S/W 외                    등록일 24/11/08",프리한 복장
python,한단제어기술,"PC 제어프로그래머 (C, C++, C#, Python)",https://www.saramin.co.kr/zf_user/jobs/relay/view?view_type=search&rec_idx=49335326&location=ts&searchword=python&searchType=search&paid_fl=n&search_uuid=8fed3b45-e826-4d3e-8484-97e631f24036,경기 안양시 동안구,경력무관,대졸↑,"4,500 만원",정규직,~ 12/05(목),"Python, C++, SE(시스템엔지니어), 라즈베리파이, 로봇엔지니어 외                    등록일 24/11/05",
python,더조은컴퓨터아카데미종로,"[NCS 훈련교사] 빅데이터(파이썬)엘러스틱서치,자바웹 전문강사",https://www.saramin.co.kr/zf_user/jobs/relay/view?view_type=search&rec_idx=49408730&location=ts&searchword=python&searchType=search&paid_fl=n&search_uuid=8fed3b45-e826-4d3e-8484-97e631f24036,서울 종로구,경력무관,학력무관,"9,860 원",기간제·계약직,~ 12/15(일),"직업훈련, 컴퓨터교육, 훈련교사, IT학원 등록일 24/11/15",
python,다산팩 주식회사,데이터 분석팀 - 데이터 분석가 채용,https://www.saramin.co.kr/zf_user/jobs/relay/view?view_type=search&rec_idx=49423318&location=ts&searchword=python&searchType=search&paid_fl=n&search_uuid=f917313e-96c2-4b1d-bbf5-19223219be5b,서울 송파구,경력무관,대졸↑,"3,500 만원",정규직,~ 12/18(수),"Python, 데이터시각화, 빅데이터, 더존, 경영지원 외                    등록일 24/11/18",연봉상승률 20% 이상
python,칼주식회사(영업소),[일본근무/CAL주식회사] IT개발자 정사원 채용/ 미경험 신입환영,https://www.saramin.co.kr/zf_user/jobs/relay/view?view_type=search&rec_idx=49348031&location=ts&searchword=python&searchType=search&paid_fl=n&search_uuid=f917313e-96c2-4b1d-bbf5-19223219be5b,일본,경력무관,초대졸↑,"3,600 만원",정규직,~ 12/06(금),"Python, C++, Java, 솔루션, 웹개발 외                    수정일 24/11/20",인기있는
python,주식회사 디센트릭,[디센트릭] 소셜 데이터 분석 채용연계형 인턴십,https://www.saramin.co.kr/zf_user/jobs/relay/view?view_type=search&rec_idx=49446797&location=ts&searchword=python&searchType=search&paid_fl=n&search_uuid=f917313e-96c2-4b1d-bbf5-19223219be5b,경기 과천시,신입,대졸↑,230 만원,인턴직,오늘마감,"Python, 솔루션, 데이터분석가, 데이터시각화, 빅데이터 외                    수정일 24/11/21",IT개발·데이터 지원 급상승
python,(주)더원테크,빅데이터 와 인공지능 AI 프로그램 개발자 모십니다.,https://www.saramin.co.kr/zf_user/jobs/relay/view?view_type=search&rec_idx=49458875&location=ts&searchword=python&searchType=search&paid_fl=n&search_uuid=f917313e-96c2-4b1d-bbf5-19223219be5b,서울 금천구,경력무관,대졸↑,"3,000 만원",정규직,~ 12/24(화),"Python, Java, 딥러닝, 머신러닝, 데이터분석가 외                    등록일 24/11/24",인기있는
python,(주)크라우드웍스,[재택/단기] 데이터 처리 및 정규식 작성 프리랜서,https://www.saramin.co.kr/zf_user/jobs/relay/view?view_type=search&rec_idx=49493152&location=ts&searchword=python&searchType=search&paid_fl=n&search_uuid=a19ea157-a21e-4c00-936e-2ba363f8f9ba,서울 강남구,경력,학력무관,"760,000 원",프리랜서,~ 12/29(일),"빅데이터, 스크립트, Pandas, SQL, XML 외                    수정일 24/11/29",Pre IPO 투자유치
python,한국소니전자(주),한국소니전자(주) 설비 소프트웨어 개발 인턴사원 모집,https://www.saramin.co.kr/zf_user/jobs/relay/view?view_type=search&rec_idx=49411496&location=ts&searchword=python&searchType=search&paid_fl=n&search_uuid=a19ea157-a21e-4c00-936e-2ba363f8f9ba,경남 창원시,신입,대졸↑,"3,000 만원",인턴직,오늘마감,"Python, C++, 펌웨어, S/W, Windows 외                    수정일 24/11/28",연봉상승률 10% 이상
python,(주)이스트게임즈,DevOps 엔지니어,https://www.saramin.co.kr/zf_user/jobs/relay/view?view_type=search&rec_idx=49340860&location=ts&searchword=python&searchType=search&paid_fl=n&search_uuid=362c2c57-3e1d-496d-8302-e4b4cba0ad8e,서울 서초구,경력무관,학력무관,"4,440 만원",정규직,~ 01/04(토),"Python, AWS, Linux, 기술지원, SE(시스템엔지니어) 외                    수정일 24/11/12",연봉상승률 10% 이상
python,엠클라우드브리지(주),MS 데이터엔지니어(Fabric/ML) 채용,https://www.saramin.co.kr/zf_user/jobs/relay/view?view_type=search&rec_idx=49358779&location=ts&searchword=python&searchType=search&paid_fl=n&search_uuid=bfd09c13-ee9a-4515-93d8-762661edb298,서울 강남구,경력무관,학력무관,"3,700 만원",정규직,~ 12/07(토),"Python, 머신러닝, 데이터분석가, 데이터엔지니어, 데이터시각화 외                    등록일 24/11/07",인기있는
python,(주)지피티코리아,"생성형AI기반 웹서비스 개발자 채용 - Next.js, React (신입)",https://www.saramin.co.kr/zf_user/jobs/relay/view?view_type=search&rec_idx=49376887&location=ts&searchword=python&searchType=search&paid_fl=n&search_uuid=bfd09c13-ee9a-4515-93d8-762661edb298,서울 금천구,신입,대졸↑,"3,500 만원",정규직,~ 12/11(수),"Python, 솔루션, 웹개발, 프론트엔드, 반응형웹 외                    등록일 24/11/11",
python,왓트(주),Watt 개발 전문인력 모집,https://www.saramin.co.kr/zf_user/jobs/relay/view?view_type=search&rec_idx=49403249&location=ts&searchword=python&searchType=search&paid_fl=n&search_uuid=bfd09c13-ee9a-4515-93d8-762661edb298,서울 서초구,경력무관,학력무관,"6,500 만원",정규직,상시채용,"Python, Java, AWS, 머신러닝, 알고리즘 외                    등록일 24/11/14",IT개발·데이터 지원 급상승
python,소프트웨어재난연구센터,2024년 소프트웨어재난연구센터 연구원 채용공고,https://www.saramin.co.kr/zf_user/jobs/relay/view?view_type=search&rec_idx=49474035&location=ts&searchword=python&searchType=search&paid_fl=n&search_uuid=bfd09c13-ee9a-4515-93d8-762661edb298,대구 북구,경력무관,대졸↑,"4,000 만원",계약직,~ 12/26(목),"Python, C++, Java, Linux, S/W 외                    등록일 24/11/26",
python,프리베노틱스(주),의료 영상기반 AI 알고리즘 개발 R&D팀 채용,https://www.saramin.co.kr/zf_user/jobs/relay/view?view_type=search&rec_idx=49300101&location=ts&searchword=python&searchType=search&paid_fl=n&search_uuid=bfd09c13-ee9a-4515-93d8-762661edb298,서울 서초구,경력무관,대졸↑,"4,000 만원",정규직,채용시,"Python, C++, 딥러닝, 솔루션, 머신러닝 외                    수정일 24/10/30",재택근무
python,(주)이스트게임즈,[신입] 캐주얼 전략액션 클라이언트 개발자,https://www.saramin.co.kr/zf_user/jobs/relay/view?view_type=search&rec_idx=49340879&location=ts&searchword=python&searchType=search&paid_fl=n&search_uuid=e673cfda-97a9-4ade-8153-125181e43b9c,서울 서초구,신입,학력무관,"4,440 만원",정규직,~ 01/04(토),"Python, C++, Java, Linux, 웹개발 외                    수정일 24/11/14",연봉상승률 10% 이상
python,이엠솔루션,"[신입사원/유연근무] S/W(PMS, PDM/PLM, QMS)엔지니어 채용공고",https://www.saramin.co.kr/zf_user/jobs/relay/view?view_type=search&rec_idx=49291224&location=ts&searchword=python&searchType=search&paid_fl=n&search_uuid=aa597542-1f1a-4b08-9d21-ef8c0d795d19,경남 창원시,경력무관,대졸↑,"3,000 만원",정규직,~ 12/28(토),"Python, C++, Java, AWS, 솔루션 외                    등록일 24/10/29",생산 지원 급상승
python,엠클라우드브리지(주),소프트웨어 엔지니어(Application Engineer) 채용,https://www.saramin.co.kr/zf_user/jobs/relay/view?view_type=search&rec_idx=49358774&location=ts&searchword=python&searchType=search&paid_fl=n&search_uuid=aa597542-1f1a-4b08-9d21-ef8c0d795d19,서울 강남구,신입·경력,학력무관,"3,700 만원",정규직,~ 12/07(토),"Python, Java, 솔루션, 기술지원, 데이터분석가 외                    등록일 24/11/07",IT개발·데이터 스크랩 급상승
python,소프트웨이(주),"기술을 함께 성장하실 개발자 모집 - 웹, 앱, 모바일, AI",https://www.saramin.co.kr/zf_user/jobs/relay/view?view_type=search&rec_idx=49483444&location=ts&searchword=python&searchType=search&paid_fl=n&search_uuid=aa597542-1f1a-4b08-9d21-ef8c0d795d19,서울 강서구,경력무관,학력무관,"3,000 만원",정규직,~ 12/27(금),"Python, 웹개발, 앱개발, S/W, Android 외                    등록일 24/11/27",인기있는
python,삼성서울병원,인공지능 신약 개발 플랫폼 백엔드 프로그램 개발자 모집,https://www.saramin.co.kr/zf_user/jobs/relay/view?view_type=search&rec_idx=49495029&location=ts&searchword=python&searchType=search&paid_fl=n&search_uuid=aa597542-1f1a-4b08-9d21-ef8c0d795d19,서울 강남구,경력무관,대졸↑,250 만원,무기계약직·계약직,~ 12/29(일),"Python, C++, 딥러닝, 알고리즘, 알고리즘개발 외                    등록일 24/11/29",인기있는
python,(주)포스로직,"이미지 프로세싱 알고리즘 라이브러리(2D,3D,AI 딥러닝) 개발 신입 채용",https://www.saramin.co.kr/zf_user/jobs/relay/view?view_type=search&rec_idx=49386840&location=ts&searchword=python&searchType=search&paid_fl=n&search_uuid=aa597542-1f1a-4b08-9d21-ef8c0d795d19,경기 안양시,신입,대졸↑,"4,550 만원",정규직,~ 12/12(목),"C++, 딥러닝, 솔루션, 머신러닝, 웹개발 외                    수정일 24/11/13",취업축하금
c언어,(주)아이브이티,"대구 자동화설비 제어 엔지니어 모집 C언어, Labview, SECS/GEM",https://www.saramin.co.kr/zf_user/jobs/relay/view?view_type=search&rec_idx=49408592&location=ts&searchword=c%EC%96%B8%EC%96%B4&searchType=search&paid_fl=n&search_uuid=1128ff55-0c87-49d7-bedc-0e6f6f7cfe96,대구 북구,경력무관,초대졸↑,"2,760 만원",정규직,~ 12/15(일),"시료분석, 제품설계, 기계설계, 자동화설계, 자동제어 외                    수정일 24/11/15",급성장중
c언어,(주)티에스씨테크놀러지,C언어 및 그 위 프로그래밍 언어 전문가,https://www.saramin.co.kr/zf_user/jobs/relay/view?view_type=search&rec_idx=49309753&location=ts&searchword=c%EC%96%B8%EC%96%B4&searchType=search&paid_fl=n&search_uuid=1128ff55-0c87-49d7-bedc-0e6f6f7cfe96,경기 안산시 단원구,경력 1~2년,고졸↑,"3,800 만원",정규직,~ 12/30(월),"R&D, 자동제어 등록일 24/10/31",스타트업
c언어,(주)디엔오토모티브,2024년 하반기 DN오토모티브 대졸 신입사원 공개채용,https://www.saramin.co.kr/zf_user/jobs/relay/view?view_type=search&rec_idx=49430472&location=ts&searchword=c%EC%96%B8%EC%96%B4&searchType=search&paid_fl=n&search_uuid=1128ff55-0c87-49d7-bedc-0e6f6f7cfe96,경남 양산시,신입,대졸↑,"5,150 만원",정규직,오늘마감,"C언어, C++, S/W, C#, 솔루션 외                    수정일 24/11/25",생산 지원 TOP100
c언어,송월(주),송월타올 본사 IT팀 신입/경력 사원 채용,https://www.saramin.co.kr/zf_user/jobs/relay/view?view_type=search&rec_idx=49417575&location=ts&searchword=c%EC%96%B8%EC%96%B4&searchType=search&paid_fl=n&search_uuid=c3492ddf-0092-48ac-b417-504b6f8d2220,경남 양산시,경력무관,대졸↑,"3,300 만원",정규직,오늘마감,"C언어, C++, S/W, C#, 임베디드 외                    수정일 24/11/26",총무·법무·사무 지원 급상승
c언어,네오리플렉션,응용 소프트웨어 개발 엔지니어 모집 (신입/경력),https://www.saramin.co.kr/zf_user/jobs/relay/view?view_type=search&rec_idx=49496015&location=ts&searchword=c%EC%96%B8%EC%96%B4&searchType=search&paid_fl=n&search_uuid=581ea39c-c004-44e6-8b03-ff7649240c71,대전 서구,경력무관,대졸↑,"3,000 만원",정규직,~ 01/28(화),"C언어, S/W, 임베디드, 알고리즘, 네트워크 외                    수정일 24/11/29",
c언어,한국소니전자(주),한국소니전자(주) 설비 소프트웨어 개발 인턴사원 모집,https://www.saramin.co.kr/zf_user/jobs/relay/view?view_type=search&rec_idx=49411496&location=ts&searchword=c%EC%96%B8%EC%96%B4&searchType=search&paid_fl=n&search_uuid=581ea39c-c004-44e6-8b03-ff7649240c71,경남 창원시,신입,대졸↑,"3,000 만원",인턴직,오늘마감,"C언어, C++, S/W, Python, C# 외                    수정일 24/11/28",연봉상승률 10% 이상
c언어,(주)이지스,3차원 시각화 연구&개발 채용(부산 기술 연구소),https://www.saramin.co.kr/zf_user/jobs/relay/view?view_type=search&rec_idx=49436688&location=ts&searchword=c%EC%96%B8%EC%96%B4&searchType=search&paid_fl=n&search_uuid=581ea39c-c004-44e6-8b03-ff7649240c71,부산 해운대구,경력무관,학력무관,"3,500 만원",정규직,~ 12/31(화),"C언어, C++, C#, 솔루션, 게임개발 외                    등록일 24/11/20",연봉상승률 10% 이상
c언어,(주)이지로보틱스,(주)이지로보틱스 연구소 신규 채용,https://www.saramin.co.kr/zf_user/jobs/relay/view?view_type=search&rec_idx=49285532&location=ts&searchword=c%EC%96%B8%EC%96%B4&searchType=search&paid_fl=n&search_uuid=db29a465-b503-4cbd-a6ee-d25cbd2564fa,경기 수원시 영통구,신입,대졸↑,"4,700 만원",정규직,오늘마감,"C언어, C++, S/W, C#, 알고리즘 외                    수정일 24/11/05",성과급/상여금
c언어,유일에너테크(주),유일에너테크(주) 선행개발1팀 신입 채용,https://www.saramin.co.kr/zf_user/jobs/relay/view?view_type=search&rec_idx=49408253&location=ts&searchword=c%EC%96%B8%EC%96%B4&searchType=search&paid_fl=n&search_uuid=db29a465-b503-4cbd-a6ee-d25cbd2564fa,경기 안성시,경력무관,대졸↑,"3,800 만원",정규직,~ 12/15(일),"C언어, C++, C#, Java, 설계엔지니어 외                    등록일 24/11/15",IT개발·데이터 지원 급상승
c언어,(주)비트리,(신입가능) RTL 설계 Engineer 채용,https://www.saramin.co.kr/zf_user/jobs/relay/view?view_type=search&rec_idx=49379204&location=ts&searchword=c%EC%96%B8%EC%96%B4&searchType=search&paid_fl=n&search_uuid=b95672d8-0ec4-4071-bcb0-eaf7fb280efd,경기 성남시 분당구,경력무관,대졸↑,"4,300 만원",정규직,~ 12/31(화),"C언어, 펌웨어, FAE, 영상처리, R&D 외                    등록일 24/11/11",연구·R&D 스크랩 급상승
c언어,라이트비전(주),웹/앱 개발자(Front-end Developer) 채용,https://www.saramin.co.kr/zf_user/jobs/relay/view?view_type=search&rec_idx=49427019&location=ts&searchword=c%EC%96%B8%EC%96%B4&searchType=search&paid_fl=n&search_uuid=b95672d8-0ec4-4071-bcb0-eaf7fb280efd,서울 성동구,신입·경력,대졸↑,"3,000 만원",정규직,내일마감,"C언어, C++, S/W, 솔루션, 앱개발 외                    등록일 24/11/19",급성장중
c언어,프리베노틱스(주),의료 영상기반 AI 알고리즘 개발 R&D팀 채용,https://www.saramin.co.kr/zf_user/jobs/relay/view?view_type=search&rec_idx=49300101&location=ts&searchword=c%EC%96%B8%EC%96%B4&searchType=search&paid_fl=n&search_uuid=b95672d8-0ec4-4071-bcb0-eaf7fb280efd,서울 서초구,경력무관,대졸↑,"4,000 만원",정규직,채용시,"C언어, C++, Python, Linux, 알고리즘 외                    수정일 24/10/30",재택근무
c언어,(주)씨케이앤비,(주)CK&B 개발직군 백엔드(경력직) 개발자 채용,https://www.saramin.co.kr/zf_user/jobs/relay/view?view_type=search&rec_idx=49489357&location=ts&searchword=c%EC%96%B8%EC%96%B4&searchType=search&paid_fl=n&search_uuid=b95672d8-0ec4-4071-bcb0-eaf7fb280efd,서울 성동구,경력 2~6년,초대졸↑,"4,000 만원",정규직,~ 12/31(화),"백엔드/서버개발, 웹개발, 유지보수, AWS, Java 외                    수정일 24/11/28",스타트업
c언어,대동하이렉스(주),자동차부품(Door Module) 선행생산기술팀  채용,https://www.saramin.co.kr/zf_user/jobs/relay/view?view_type=search&rec_idx=49331272&location=ts&searchword=c%EC%96%B8%EC%96%B4&searchType=search&paid_fl=n&search_uuid=40b996b4-b934-425c-a052-f05a2d088ef7,인천 남동구,신입·경력,대졸↑,"4,500 만원",정규직,~ 12/04(수),"기계설계, 기구설계, 전자제어, 자동화라인, 전기기사 외                    등록일 24/11/04",연봉상승률 15% 이상
c언어,(주)져스텍,(주)져스텍 연구소 신입/경력사원 모집 공고(Software Engineer),https://www.saramin.co.kr/zf_user/jobs/relay/view?view_type=search&rec_idx=49263722&location=ts&searchword=c%EC%96%B8%EC%96%B4&searchType=search&paid_fl=n&search_uuid=40b996b4-b934-425c-a052-f05a2d088ef7,경기 평택시,경력무관,대졸↑,"4,000 만원",정규직·무기계약직,상시채용,"로봇엔지니어, 연구원, R&D, 기술연구, 로봇설계 외                    등록일 24/10/24",연봉상승률 10% 이상
c언어,퍼솔켈리코리아(유),[유명 한국기업] 일본법인 총괄(영업 또는 마케팅 경력),https://www.saramin.co.kr/zf_user/jobs/relay/view?view_type=search&rec_idx=49485349&location=ts&searchword=c%EC%96%B8%EC%96%B4&searchType=search&paid_fl=n&search_uuid=40b996b4-b934-425c-a052-f05a2d088ef7,일본,경력10년↑,대졸↑,"9,000 만원",정규직,채용시,"인력관리, 인사행정, 기술영업, 영업직, 솔루션기술영업 외                    등록일 24/11/28",
c언어,(주)케이씨텍,[전문연구요원] 반도체 장비 제어 SW 개발(병역특례),https://www.saramin.co.kr/zf_user/jobs/relay/view?view_type=search&rec_idx=49198426&location=ts&searchword=c%EC%96%B8%EC%96%B4&searchType=search&paid_fl=n&search_uuid=25d680ad-ba68-4cf9-8e0c-38038cf9365e,경기 화성시,신입,석사↑,"4,650 만원",정규직·전문연구요원,~ 12/14(토),"C언어, C++, C#, 알고리즘, 장비제어 외                    등록일 24/10/15",워라밸
c언어,(주)그린텍시스템,제어프로그램 개발자(C·C++&C# 외 1개 부문) 채용,https://www.saramin.co.kr/zf_user/jobs/relay/view?view_type=search&rec_idx=49454722&location=ts&searchword=c%EC%96%B8%EC%96%B4&searchType=search&paid_fl=n&search_uuid=759729e0-f696-4633-96b9-9c0d05ca8365,경기 수원시 권선구,신입·경력,대졸↑,"3,800 만원",정규직,~ 12/08(일),"C언어, C++, C#, VisualC·C++, Micom 외                    등록일 24/11/22",급성장중
c%2B%2B,(주)그린텍시스템,제어프로그램 개발자(C·C++&C# 외 1개 부문) 채용,https://www.saramin.co.kr/zf_user/jobs/relay/view?view_type=search&rec_idx=49454722&location=ts&searchword=c%2B%2B&searchType=search&paid_fl=n&search_uuid=e2bc414a-7420-40eb-a777-cad472dfd6d1,경기 수원시 권선구,신입·경력,대졸↑,"3,800 만원",정규직,~ 12/08(일),"VisualC·C++, C++, C#, C언어, Micom 외                    등록일 24/11/22",급성장중
c%2B%2B,비앤에프테크놀로지㈜,[시차출퇴근제] 소프트웨어(C++) 개발 모집 (신입/경력),https://www.saramin.co.kr/zf_user/jobs/relay/view?view_type=search&rec_idx=49483894&location=ts&searchword=c%2B%2B&searchType=search&paid_fl=n&search_uuid=e2bc414a-7420-40eb-a777-cad472dfd6d1,대전 유성구,경력무관,초대졸↑,"3,270 만원",정규직,~ 12/27(금),"C++, C#, Linux, 솔루션, 웹개발 외                    등록일 24/11/27",유연근무제
c%2B%2B,(주)에이스엔,"소프트웨어 개발자( C, C++, C#, MFC )",https://www.saramin.co.kr/zf_user/jobs/relay/view?view_type=search&rec_idx=49342578&location=ts&searchword=c%2B%2B&searchType=search&paid_fl=n&search_uuid=d0cd9db8-fdf3-4809-b74e-d97872cce512,경기 수원시 영통구,경력 3~10년,학력무관,"6,000 만원",정규직·계약직,상시채용,"C++, C#, S/W, MFC, 솔루션 외                    등록일 24/11/05",
c%2B%2B,㈜이씨마이너,연구소 빅데이터분석/AI솔루션개발자/ Visual C++ 개발자 모집,https://www.saramin.co.kr/zf_user/jobs/relay/view?view_type=search&rec_idx=49421753&location=ts&searchword=c%2B%2B&searchType=search&paid_fl=n&search_uuid=d0cd9db8-fdf3-4809-b74e-d97872cce512,서울 강남구,경력무관,대졸↑,"3,500 만원",정규직,~ 01/17(금),"C++, C언어, Java, Windows, R 외                    등록일 24/11/18",스타트업
c%2B%2B,(주)자이크론,"Qt, C++ 신입/경력 개발자 모집",https://www.saramin.co.kr/zf_user/jobs/relay/view?view_type=search&rec_idx=49434812&location=ts&searchword=c%2B%2B&searchType=search&paid_fl=n&search_uuid=d0cd9db8-fdf3-4809-b74e-d97872cce512,서울 구로구,신입·경력,초대졸↑,"3,100 만원",정규직,채용시,"C++, S/W, MFC, C언어, Linux 외                    등록일 24/11/20",연봉상승률 15% 이상
c%2B%2B,한단제어기술,"PC 제어프로그래머 (C, C++, C#, Python)",https://www.saramin.co.kr/zf_user/jobs/relay/view?view_type=search&rec_idx=49335326&location=ts&searchword=c%2B%2B&searchType=search&paid_fl=n&search_uuid=8f23d71a-2223-47a1-83d3-c2f774b45b14,경기 안양시 동안구,경력무관,대졸↑,"4,500 만원",정규직,~ 12/05(목),"C++, C#, Python, SE(시스템엔지니어), 라즈베리파이 외                    등록일 24/11/05",
c%2B%2B,(주)제넥,"LabView (랩뷰) , C, C++ 프로그래머 신입/경력사원 모집",https://www.saramin.co.kr/zf_user/jobs/relay/view?view_type=search&rec_idx=49163198&location=ts&searchword=c%2B%2B&searchType=search&paid_fl=n&search_uuid=8f23d71a-2223-47a1-83d3-c2f774b45b14,경남 창원시,경력무관,초대졸↑,"3,650 만원",정규직,채용시,"기술엔지니어, 자동제어, 계측제어, 주간근무, Microprocessor 외                    수정일 24/11/28",워라밸
c%2B%2B,(주)디엔오토모티브,2024년 하반기 DN오토모티브 대졸 신입사원 공개채용,https://www.saramin.co.kr/zf_user/jobs/relay/view?view_type=search&rec_idx=49430472&location=ts&searchword=c%2B%2B&searchType=search&paid_fl=n&search_uuid=8f23d71a-2223-47a1-83d3-c2f774b45b14,경남 양산시,신입,대졸↑,"5,150 만원",정규직,오늘마감,"C++, C#, S/W, C언어, 유지보수 외                    수정일 24/11/25",생산 지원 TOP100
c%2B%2B,(주)쓰리디랩스,(주) 쓰리디랩스 2024년 하반기 기술직군 신입/경력직 공채,https://www.saramin.co.kr/zf_user/jobs/relay/view?view_type=search&rec_idx=49469128&location=ts&searchword=c%2B%2B&searchType=search&paid_fl=n&search_uuid=a3f7f397-c6a9-44a6-8d8b-616e1a15e5ca,서울 영등포구,경력무관,대졸↑,"4,080 만원",정규직,~ 12/10(화),"C++, C#, 영상처리, 유지보수, Linux 외                    수정일 24/11/27",인기있는
c%2B%2B,송월(주),송월타올 본사 IT팀 신입/경력 사원 채용,https://www.saramin.co.kr/zf_user/jobs/relay/view?view_type=search&rec_idx=49417575&location=ts&searchword=c%2B%2B&searchType=search&paid_fl=n&search_uuid=a3f7f397-c6a9-44a6-8d8b-616e1a15e5ca,경남 양산시,경력무관,대졸↑,"3,300 만원",정규직,오늘마감,"C++, C#, S/W, C언어, Java 외                    수정일 24/11/26",총무·법무·사무 지원 급상승
c%2B%2B,칼주식회사(영업소),[일본근무/CAL주식회사] IT개발자 정사원 채용/ 미경험 신입환영,https://www.saramin.co.kr/zf_user/jobs/relay/view?view_type=search&rec_idx=49348031&location=ts&searchword=c%2B%2B&searchType=search&paid_fl=n&search_uuid=42398186-dfb6-4a50-8468-4bfa3a4cabb8,일본,경력무관,초대졸↑,"3,600 만원",정규직,~ 12/06(금),"C++, C#, 유지보수, Python, Java 외                    수정일 24/11/20",인기있는
c%2B%2B,(주)모은넷,기술연구소 SW개발자 채용 (JAVA/C#/.NET),https://www.saramin.co.kr/zf_user/jobs/relay/view?view_type=search&rec_idx=49450374&location=ts&searchword=c%2B%2B&searchType=search&paid_fl=n&search_uuid=42398186-dfb6-4a50-8468-4bfa3a4cabb8,경기 수원시 영통구,경력무관,대졸↑,"3,500 만원",정규직,~ 12/22(일),"C++, C#, S/W, 유지보수, Linux 외                    수정일 24/11/28",연봉상승률 20% 이상
c%2B%2B,한국소니전자(주),한국소니전자(주) 설비 소프트웨어 개발 인턴사원 모집,https://www.saramin.co.kr/zf_user/jobs/relay/view?view_type=search&rec_idx=49411496&location=ts&searchword=c%2B%2B&searchType=search&paid_fl=n&search_uuid=8dd8ed1a-0635-42e4-8ab3-4f59273bc5c8,경남 창원시,신입,대졸↑,"3,000 만원",인턴직,오늘마감,"C++, C#, S/W, C언어, Python 외                    수정일 24/11/28",연봉상승률 10% 이상
c%2B%2B,(주)이지스,3차원 시각화 연구&개발 채용(부산 기술 연구소),https://www.saramin.co.kr/zf_user/jobs/relay/view?view_type=search&rec_idx=49436688&location=ts&searchword=c%2B%2B&searchType=search&paid_fl=n&search_uuid=8dd8ed1a-0635-42e4-8ab3-4f59273bc5c8,부산 해운대구,경력무관,학력무관,"3,500 만원",정규직,~ 12/31(화),"VisualC·C++, C++, C#, MFC, C언어 외                    등록일 24/11/20",연봉상승률 10% 이상
c%2B%2B,(주)이포즌,[(주)이포즌]솔루션 운영 및 기술지원 신입/경력사원 모집,https://www.saramin.co.kr/zf_user/jobs/relay/view?view_type=search&rec_idx=49490634&location=ts&searchword=c%2B%2B&searchType=search&paid_fl=n&search_uuid=8dd8ed1a-0635-42e4-8ab3-4f59273bc5c8,서울 성동구,신입·경력,대졸↑,"3,345 만원",정규직·인턴직,~ 12/04(수),"C++, 유지보수, Java, 솔루션, 기술지원 외                    등록일 24/11/28",연봉상승률 10% 이상
c%2B%2B,(주)이지로보틱스,(주)이지로보틱스 연구소 신규 채용,https://www.saramin.co.kr/zf_user/jobs/relay/view?view_type=search&rec_idx=49285532&location=ts&searchword=c%2B%2B&searchType=search&paid_fl=n&search_uuid=8dd8ed1a-0635-42e4-8ab3-4f59273bc5c8,경기 수원시 영통구,신입,대졸↑,"4,700 만원",정규직,오늘마감,"VisualC·C++, C++, C#, S/W, MFC 외                    수정일 24/11/05",성과급/상여금
c%2B%2B,주식회사 셀로닉스,주식회사 셀로닉스 기술지원부 SI팀 IT개발 채용,https://www.saramin.co.kr/zf_user/jobs/relay/view?view_type=search&rec_idx=49284869&location=ts&searchword=c%2B%2B&searchType=search&paid_fl=n&search_uuid=180ffb24-325c-480d-84d7-28066e374224,전북 익산시,경력무관,학력무관,"4,080 만원",정규직,~ 12/27(금),"C++, C#, S/W, 유지보수, Java 외                    등록일 24/10/28",IT개발·데이터 지원 급상승
c%2B%2B,(주)포스로직,"이미지 프로세싱 알고리즘 라이브러리(2D,3D,AI 딥러닝) 개발 신입 채용",https://www.saramin.co.kr/zf_user/jobs/relay/view?view_type=search&rec_idx=49386840&location=ts&searchword=c%2B%2B&searchType=search&paid_fl=n&search_uuid=180ffb24-325c-480d-84d7-28066e374224,경기 안양시,신입,대졸↑,"4,550 만원",정규직,~ 12/12(목),"C++, MFC, 알고리즘, 영상처리, 솔루션 외                    수정일 24/11/13",취업축하금
c%2B%2B,나이스평가정보(주),[NICE평가정보] 개발자 경력직 채용,https://www.saramin.co.kr/zf_user/jobs/relay/view?view_type=search&rec_idx=49351274&location=ts&searchword=c%2B%2B&searchType=search&paid_fl=n&search_uuid=fa9e9538-c9fc-443d-a853-946c35a0fcb3,서울 영등포구,경력3년↑,초대졸↑,"6,000 만원",기간제·계약직,~ 12/07(토),"C++, C#, 유지보수, Java, 백엔드/서버개발 외                    수정일 24/11/07",인기있는
c%2B%2B,(주)이스트게임즈,[신입] 캐주얼 전략액션 클라이언트 개발자,https://www.saramin.co.kr/zf_user/jobs/relay/view?view_type=search&rec_idx=49340879&location=ts&searchword=c%2B%2B&searchType=search&paid_fl=n&search_uuid=fa9e9538-c9fc-443d-a853-946c35a0fcb3,서울 서초구,신입,학력무관,"4,440 만원",정규직,~ 01/04(토),"C++, C#, Python, Linux, Java 외                    수정일 24/11/14",연봉상승률 10% 이상
c%2B%2B,(주)씨아이템프러리,[현대카드/본사] 현대카드 정보보안기술팀 사원 채용,https://www.saramin.co.kr/zf_user/jobs/relay/view?view_type=search&rec_idx=49451472&location=ts&searchword=c%2B%2B&searchType=search&paid_fl=n&search_uuid=fa9e9538-c9fc-443d-a853-946c35a0fcb3,서울 영등포구,경력무관,대졸↑,"3,341 만원",계약직,~ 12/22(일),"C++, 유지보수, 보안컨설팅, 정보보안, CISO 외                    등록일 24/11/22",기획·전략 스크랩 급상승
c%2B%2B,(주)맑은샘파트너스,[신입] 웹 및 소프트웨어 개발자 채용 (센텀),https://www.saramin.co.kr/zf_user/jobs/relay/view?view_type=search&rec_idx=49164517&location=ts&searchword=c%2B%2B&searchType=search&paid_fl=n&search_uuid=5856e5b1-62b1-43b8-a8d4-5aabdee12707,부산 해운대구,신입,대졸↑,"3,000 만원",정규직,~ 12/09(월),"C++, C#, 앱개발, 웹개발, .NET 외                    등록일 24/10/10",인기있는
c%2B%2B,(주)드림테크,"[웹개발, MES] 스마트팩토리 솔루션 신입 개발자 모집",https://www.saramin.co.kr/zf_user/jobs/relay/view?view_type=search&rec_idx=49490152&location=ts&searchword=c%2B%2B&searchType=search&paid_fl=n&search_uuid=5856e5b1-62b1-43b8-a8d4-5aabdee12707,전남 목포시,경력무관,학력무관,"3,000 만원",정규직,~ 12/31(화),"C++, C#, Java, 솔루션, 웹개발 외                    등록일 24/11/28",인기있는
c%2B%2B,유일에너테크(주),유일에너테크(주) 선행개발1팀 신입 채용,https://www.saramin.co.kr/zf_user/jobs/relay/view?view_type=search&rec_idx=49408253&location=ts&searchword=c%2B%2B&searchType=search&paid_fl=n&search_uuid=5856e5b1-62b1-43b8-a8d4-5aabdee12707,경기 안성시,경력무관,대졸↑,"3,800 만원",정규직,~ 12/15(일),"C++, C#, C언어, Java, 설계엔지니어 외                    등록일 24/11/15",IT개발·데이터 지원 급상승
c%2B%2B,(주)팜아이앤씨,웹 개발자 모집,https://www.saramin.co.kr/zf_user/jobs/relay/view?view_type=search&rec_idx=49191558&location=ts&searchword=c%2B%2B&searchType=search&paid_fl=n&search_uuid=e5f06293-1a31-4faa-a1b9-24585b27d2f3,경남 양산시,신입,대졸↑,"4,300 만원",정규직,채용시,"C++, C#, Linux, 백엔드/서버개발, 웹개발 외                    수정일 24/10/31",평균연봉 상위 10%
c%2B%2B,이엠솔루션,"[신입사원/유연근무] S/W(PMS, PDM/PLM, QMS)엔지니어 채용공고",https://www.saramin.co.kr/zf_user/jobs/relay/view?view_type=search&rec_idx=49291224&location=ts&searchword=c%2B%2B&searchType=search&paid_fl=n&search_uuid=e5f06293-1a31-4faa-a1b9-24585b27d2f3,경남 창원시,경력무관,대졸↑,"3,000 만원",정규직,~ 12/28(토),"C++, C#, 유지보수, Python, Java 외                    등록일 24/10/29",IT개발·데이터 지원 급상승
c%2B%2B,라이트비전(주),웹/앱 개발자(Front-end Developer) 채용,https://www.saramin.co.kr/zf_user/jobs/relay/view?view_type=search&rec_idx=49427019&location=ts&searchword=c%2B%2B&searchType=search&paid_fl=n&search_uuid=e5f06293-1a31-4faa-a1b9-24585b27d2f3,서울 성동구,신입·경력,대졸↑,"3,000 만원",정규직,내일마감,"C++, S/W, C언어, Java, 솔루션 외                    등록일 24/11/19",급성장중
C,경희대학교 산학협력단,산학협력단 사무국 경영지원팀(서울C) 부서계약직 채용공고,https://www.saramin.co.kr/zf_user/jobs/relay/view?view_type=search&rec_idx=49464991&location=ts&searchword=C&searchType=search&paid_fl=n&search_uuid=7eb3d77e-9dc6-4c5a-bcae-4173537aaa76,서울 동대문구,경력무관,대졸↑,"3,150 만원",기간제·계약직,~ 12/15(일),"HRM, 인사, 인사행정, 채용담당자, 인력관리 외                    수정일 24/11/25",
C,(주)그린텍시스템,제어프로그램 개발자(C·C++&C# 외 1개 부문) 채용,https://www.saramin.co.kr/zf_user/jobs/relay/view?view_type=search&rec_idx=49454722&location=ts&searchword=C&searchType=search&paid_fl=n&search_uuid=7eb3d77e-9dc6-4c5a-bcae-4173537aaa76,경기 수원시 권선구,신입·경력,대졸↑,"3,800 만원",정규직,~ 12/08(일),"C언어, VisualC·C++, C#, C++, Micom 외                    등록일 24/11/22",급성장중
C,(주)아이브이티,"대구 자동화설비 제어 엔지니어 모집 C언어, Labview, SECS/GEM",https://www.saramin.co.kr/zf_user/jobs/relay/view?view_type=search&rec_idx=49408592&location=ts&searchword=C&searchType=search&paid_fl=n&search_uuid=7eb3d77e-9dc6-4c5a-bcae-4173537aaa76,대구 북구,경력무관,초대졸↑,"2,760 만원",정규직,~ 12/15(일),"PLC, 자동화설계, 자동제어, 전기제어, 기계설계 외                    수정일 24/11/15",급성장중
C,(주)아트앤디자인인터내셔널,화장품 해외영업 B2C 이커머스 MD 채용 : Shopee 쇼피 등,https://www.saramin.co.kr/zf_user/jobs/relay/view?view_type=search&rec_idx=49463228&location=ts&searchword=C&searchType=search&paid_fl=n&search_uuid=1581bf27-82d1-417f-9040-95beffa87d60,서울 영등포구,경력3년↑,대졸↑,"3,500 만원",정규직,~ 12/25(수),"B2C, 영업, 수출입, 해외영업, 해외영업관리 외                    등록일 24/11/25",급성장중
C,(주)한국정보보안기술원,C평가인증/소프트웨어 시험/정보안 분야 신입 채용함.,https://www.saramin.co.kr/zf_user/jobs/relay/view?view_type=search&rec_idx=49409480&location=ts&searchword=C&searchType=search&paid_fl=n&search_uuid=1581bf27-82d1-417f-9040-95beffa87d60,서울 서초구,신입,대졸↑,"3,300 만원",정규직,~ 01/14(화),"ISMS, GCP, CISO, Docker, IT컨설팅 외                    등록일 24/11/15",연봉상승률 10% 이상
C,(주)티에스씨테크놀러지,C언어 및 그 위 프로그래밍 언어 전문가,https://www.saramin.co.kr/zf_user/jobs/relay/view?view_type=search&rec_idx=49309753&location=ts&searchword=C&searchType=search&paid_fl=n&search_uuid=1581bf27-82d1-417f-9040-95beffa87d60,경기 안산시 단원구,경력 1~2년,고졸↑,"3,800 만원",정규직,~ 12/30(월),"R&D, 자동제어 등록일 24/10/31",스타트업
C,(주)에이스엔,"소프트웨어 개발자( C, C++, C#, MFC )",https://www.saramin.co.kr/zf_user/jobs/relay/view?view_type=search&rec_idx=49342578&location=ts&searchword=C&searchType=search&paid_fl=n&search_uuid=1581bf27-82d1-417f-9040-95beffa87d60,경기 수원시 영통구,경력 3~10년,학력무관,"6,000 만원",정규직·계약직,상시채용,"C#, MFC, C++, S/W, 솔루션 외                    등록일 24/11/05",
C,(주)셔더,"미디어 아트, 미디어 인테리어 B2B, B2C, B2G 조달 영업 담당자",https://www.saramin.co.kr/zf_user/jobs/relay/view?view_type=search&rec_idx=49331826&location=ts&searchword=C&searchType=search&paid_fl=n&search_uuid=baab25a7-9fc5-4b2f-9f86-e7904ce6d2c9,경기 고양시 덕양구,경력 7~10년,학력무관,"4,200 만원",정규직,~ 12/14(토),"IT영업, B2C, 영업, 솔루션기술영업, B2B 외                    수정일 24/11/21",급성장중
C,(주)아트시스,아트시스 B2C팀 사이니지 제품/편집 디자이너 신입사원 채용,https://www.saramin.co.kr/zf_user/jobs/relay/view?view_type=search&rec_idx=49354651&location=ts&searchword=C&searchType=search&paid_fl=n&search_uuid=baab25a7-9fc5-4b2f-9f86-e7904ce6d2c9,경남 창원시,신입,학력무관,210 만원,계약직,~ 12/07(토),"시각디자인, 편집디자인, 광고디자인, 브랜드디자인, 로고디자인 외                    등록일 24/11/07",스타트업
C,피지에스코리아(주),"B2C ,백화점, 할인점, 홈쇼핑영업 ,가능한 경력사원",https://www.saramin.co.kr/zf_user/jobs/relay/view?view_type=search&rec_idx=49445635&location=ts&searchword=C&searchType=search&paid_fl=n&search_uuid=baab25a7-9fc5-4b2f-9f86-e7904ce6d2c9,경기 고양시 일산서구,경력5년↑,대졸↑,"4,000 만원",정규직,~ 12/21(토),"영업직, 기업영업, 유통영업, 홈쇼핑영업, 주방용품 등록일 24/11/21",연봉상승률 15% 이상
C,(주)아트앤디자인인터내셔널,화장품 해외영업 B2C 이커머스 MD 채용 : Shopify 쇼피파이,https://www.saramin.co.kr/zf_user/jobs/relay/view?view_type=search&rec_idx=49475348&location=ts&searchword=C&searchType=search&paid_fl=n&search_uuid=baab25a7-9fc5-4b2f-9f86-e7904ce6d2c9,서울 영등포구,경력3년↑,대졸↑,"3,500 만원",정규직,~ 12/26(목),"B2C, 영업, 수출입, 해외영업, 해외영업관리 외                    등록일 24/11/26",급성장중
C,올리브영 등촌점,올리브영 등촌점 평일 월~금 C타임 스텝을 모집합니다.,https://www.saramin.co.kr/zf_user/jobs/relay/view?view_type=search&rec_idx=49355223&location=ts&searchword=C&searchType=search&paid_fl=n&search_uuid=da5f011e-15fd-4281-86c4-a05db11602d0,서울 강서구,경력무관,고졸↑,"11,863 원",아르바이트,~ 12/07(토),"잡화판매, 화장품판매, 판매, 화장품매장, 잡화매장 수정일 24/11/22",
C,(주)제넥,"LabView (랩뷰) , C, C++ 프로그래머 신입/경력사원 모집",https://www.saramin.co.kr/zf_user/jobs/relay/view?view_type=search&rec_idx=49163198&location=ts&searchword=C&searchType=search&paid_fl=n&search_uuid=da5f011e-15fd-4281-86c4-a05db11602d0,경남 창원시,경력무관,초대졸↑,"3,650 만원",정규직,채용시,"자동제어, 주간근무, 기술엔지니어, 계측제어, Microprocessor 외                    수정일 24/11/28",워라밸
C,한단제어기술,"PC 제어프로그래머 (C, C++, C#, Python)",https://www.saramin.co.kr/zf_user/jobs/relay/view?view_type=search&rec_idx=49335326&location=ts&searchword=C&searchType=search&paid_fl=n&search_uuid=da5f011e-15fd-4281-86c4-a05db11602d0,경기 안양시 동안구,경력무관,대졸↑,"4,500 만원",정규직,~ 12/05(목),"C#, AI(인공지능), C++, Python, SE(시스템엔지니어) 외                    등록일 24/11/05",
C,(주)디엔오토모티브,2024년 하반기 DN오토모티브 대졸 신입사원 공개채용,https://www.saramin.co.kr/zf_user/jobs/relay/view?view_type=search&rec_idx=49430472&location=ts&searchword=C&searchType=search&paid_fl=n&search_uuid=da5f011e-15fd-4281-86c4-a05db11602d0,경남 양산시,신입,대졸↑,"5,150 만원",정규직,오늘마감,"PM(프로젝트매니저), C언어, FA(공장자동화), R&D, 유지보수 외                    수정일 24/11/25",생산 지원 TOP100
C,(주)넥스트진,넥스트진) 사무 보조 정규직 채용(외근 포함),https://www.saramin.co.kr/zf_user/jobs/relay/view?view_type=search&rec_idx=49492587&location=ts&searchword=C&searchType=search&paid_fl=n&search_uuid=63e31f16-d63b-4a4a-8768-d5b6b025953a,대전 유성구,경력무관,학력무관,"2,800 만원",정규직,~ 12/29(일),"총무, 사무직, 경리, 거래처납품, 유통업 외                    등록일 24/11/29",영업·판매·무역 스크랩 TOP100
C,M.T.C,E7 국내졸업(기계.전기학과전공자)모집,https://www.saramin.co.kr/zf_user/jobs/relay/view?view_type=search&rec_idx=49491896&location=ts&searchword=C&searchType=search&paid_fl=n&search_uuid=63e31f16-d63b-4a4a-8768-d5b6b025953a,경남 김해시,경력1년↑,대졸↑,"80,000 원",정규직,~ 12/29(일),"자동화라인, 조립, 단순생산직, 기계조작원, 제조가공 외                    수정일 24/11/29",스타트업
C,아람인테크,행정지원[롯데GS화학] 행정지원 및 총무 업무 (자사이력서필수),https://www.saramin.co.kr/zf_user/jobs/relay/view?view_type=search&rec_idx=49467383&location=ts&searchword=C&searchType=search&paid_fl=n&search_uuid=63e31f16-d63b-4a4a-8768-d5b6b025953a,전남 여수시,경력무관,학력무관,303 만원,파견직,~ 12/25(수),"총무, 사무행정, 아웃소싱, 헤드헌팅, 파견대행 수정일 24/11/25",총무·법무·사무 스크랩 급상승
C,(주)윌앤비전,[공공기관] 엑스코 대한민국 미래공항엑스포 사무보조,https://www.saramin.co.kr/zf_user/jobs/relay/view?view_type=search&rec_idx=49431752&location=ts&searchword=C&searchType=search&paid_fl=n&search_uuid=396cc3d7-7c93-40f3-9306-41cb89f0a1f9,대구 북구,경력무관,학력무관,216 만원,파견직,~ 12/05(목),"홍보, 온라인마케팅, 사무보조, 사무직, 행사기획 외                    수정일 24/11/29",공공·복지 스크랩 TOP100
C,(주)윌앤비전,크레텍 책임 물류센터 단순 작업자 모집 (지게차운전가능자),https://www.saramin.co.kr/zf_user/jobs/relay/view?view_type=search&rec_idx=49471007&location=ts&searchword=C&searchType=search&paid_fl=n&search_uuid=396cc3d7-7c93-40f3-9306-41cb89f0a1f9,대구 중구,경력무관,학력무관,236 만원,정규직·계약직,내일마감,"품질관리, 생산관리, 제조, 단순생산직, 제조가공 외                    수정일 24/11/29",인기있는
C,동호에이치알(주),"[연5,500/자체직] 현대엔지니어링 대표이사 수행기사 채용",https://www.saramin.co.kr/zf_user/jobs/relay/view?view_type=search&rec_idx=49453101&location=ts&searchword=C&searchType=search&paid_fl=n&search_uuid=5d09ae1f-cb21-4d8c-afcf-1ce3b843225e,서울 종로구,경력무관,학력무관,"5,500 만원",계약직,채용시,"비서, 서무, 운전, 배송기사, 납품운전원 외                    등록일 24/11/22",인기있는
C,동호에이치알(주),[셔틀버스 有] 르노코리아 연구소 인사팀 채용,https://www.saramin.co.kr/zf_user/jobs/relay/view?view_type=search&rec_idx=49472695&location=ts&searchword=C&searchType=search&paid_fl=n&search_uuid=5d09ae1f-cb21-4d8c-afcf-1ce3b843225e,경기 용인시 기흥구,경력무관,대졸↑,"3,033 만원",계약직·파견직,채용시,"PowerPoint, Excel, HR컨설팅, HRM, HRD 외                    등록일 24/11/26",인사·노무·HRD 스크랩 급상승
C,동호에이치알(주),[대기업/현대/중식제공/신입가능]현대건설 서류관리 사무직 채용,https://www.saramin.co.kr/zf_user/jobs/relay/view?view_type=search&rec_idx=49477852&location=ts&searchword=C&searchType=search&paid_fl=n&search_uuid=d0c9f116-1766-43de-b8db-4e9710cd989d,서울 종로구,경력무관,학력무관,238 만원,계약직·파견직,~ 12/27(금),"세무사, 회계, 재무, 관리회계, ERP 외                    등록일 24/11/27",인기있는
C,㈜카옥션,일반 사무직 신입/경력 채용(정규직),https://www.saramin.co.kr/zf_user/jobs/relay/view?view_type=search&rec_idx=49444338&location=ts&searchword=C&searchType=search&paid_fl=n&search_uuid=d0c9f116-1766-43de-b8db-4e9710cd989d,경기 수원시 권선구,경력무관,고졸↑,"3,000 만원",정규직,~ 12/21(토),"B2C, B2B, 영업지원, 문서작성, 사무보조 외                    수정일 24/11/21",총무·법무·사무 스크랩 급상승
C,(주)매쓰마스터,[스타트업] 경리 회계 / 경영지원(사무) 담당자 채용(경력직),https://www.saramin.co.kr/zf_user/jobs/relay/view?view_type=search&rec_idx=49320967&location=ts&searchword=C&searchType=search&paid_fl=n&search_uuid=d0c9f116-1766-43de-b8db-4e9710cd989d,서울 강서구,경력1년↑,학력무관,"3,500 만원",정규직·계약직,~ 12/31(화),"세무사, CS, 회계, 재무, 재무회계 외                    수정일 24/11/14",회계·세무·재무 스크랩 급상승
C,엠에스코리아,[동탄산업단지] 반도체 TEST 생산팀 사원모집 3조3교대,https://www.saramin.co.kr/zf_user/jobs/relay/view?view_type=search&rec_idx=49465478&location=ts&searchword=C&searchType=search&paid_fl=n&search_uuid=88f438e8-0aaa-4a02-ae11-3cbfb5a4fb0a,경기 화성시,경력무관,학력무관,"10,500 원",정규직,~ 12/25(수),"FA(공장자동화), LCD, OLED, PCB, MEMS 외                    등록일 24/11/25",인기있는
C,엠에스코리아,[동탄산업단지] 반도체 장비기술팀  메인트 정규직 사원모집,https://www.saramin.co.kr/zf_user/jobs/relay/view?view_type=search&rec_idx=49465604&location=ts&searchword=C&searchType=search&paid_fl=n&search_uuid=88f438e8-0aaa-4a02-ae11-3cbfb5a4fb0a,경기 화성시,경력무관,학력무관,"10,700 원",정규직,~ 12/25(수),"FA(공장자동화), LCD, OLED, PCB, MEMS 외                    수정일 24/11/25",인기있는
C,에이쓰리,반도체 장비 생산 국내 1위 기업 싸이노스 신입 정규직 채용,https://www.saramin.co.kr/zf_user/jobs/relay/view?view_type=search&rec_idx=49325721&location=ts&searchword=C&searchType=search&paid_fl=n&search_uuid=88f438e8-0aaa-4a02-ae11-3cbfb5a4fb0a,경기 화성시,경력무관,고졸↑,"4,000 만원",정규직,~ 12/04(수),"PLC, 코팅, NC/CNC선반, 제약/바이오, PCB 외                    등록일 24/11/04",인기있는
C,에이쓰리,삼성/SK하이닉스 대기업 1차 협력사 싸이노스 신입 정규직 채용,https://www.saramin.co.kr/zf_user/jobs/relay/view?view_type=search&rec_idx=49360738&location=ts&searchword=C&searchType=search&paid_fl=n&search_uuid=88f438e8-0aaa-4a02-ae11-3cbfb5a4fb0a,경기 화성시,경력무관,고졸↑,"4,000 만원",정규직,~ 12/08(일),"PLC, 코팅, NC/CNC선반, 제약/바이오, PCB 외                    등록일 24/11/08",생산 지원 급상승
C,에이쓰리,반도체 장비 생산 국내 1위 기업 싸이노스 신입 채용 기숙사 有,https://www.saramin.co.kr/zf_user/jobs/relay/view?view_type=search&rec_idx=49449792&location=ts&searchword=C&searchType=search&paid_fl=n&search_uuid=88f438e8-0aaa-4a02-ae11-3cbfb5a4fb0a,경기 화성시,경력무관,고졸↑,"4,000 만원",정규직,~ 12/22(일),"PLC, 코팅, NC/CNC선반, 제약/바이오, PCB 외                    등록일 24/11/22",인기있는
C,지오씨,"ㅣ노동부 선정 강소기업 ㅣ 시급11,400 ㅣ 방위산업 전문기업ㅣ",https://www.saramin.co.kr/zf_user/jobs/relay/view?view_type=search&rec_idx=49489529&location=ts&searchword=C&searchType=search&paid_fl=n&search_uuid=88f438e8-0aaa-4a02-ae11-3cbfb5a4fb0a,경기 안성시,경력무관,학력무관,"11,400 원",계약직,~ 12/28(토),"생산, 제조, 단순생산직, 2교대, 기계조작원 외                    수정일 24/11/28",인기있는
C,(주)하늘기업,하늘기업과 함께 걸어나갈 꽃길로 초대합니다.[기획운영],https://www.saramin.co.kr/zf_user/jobs/relay/view?view_type=search&rec_idx=49499963&location=ts&searchword=C&searchType=search&paid_fl=n&search_uuid=88f438e8-0aaa-4a02-ae11-3cbfb5a4fb0a,울산 중구,경력무관,학력무관,"3,000 만원",정규직,~ 12/30(월),"기획, 사무직, 광고기획사, 광고대행사, 홍보대행사 외                    등록일 24/11/30",
C,(주)더스크랙,[더스크랙] 실력과 열정있는 경영지원(인사/총무)실무자,https://www.saramin.co.kr/zf_user/jobs/relay/view?view_type=search&rec_idx=49487979&location=ts&searchword=C&searchType=search&paid_fl=n&search_uuid=88f438e8-0aaa-4a02-ae11-3cbfb5a4fb0a,서울 강서구,경력무관,학력무관,"3,000 만원",정규직,~ 12/28(토),"기획, 경영관리, 회계, 자금관리, 총무 외                    수정일 24/11/28",인사·노무·HRD 지원 TOP100
C,365송도경희한의원,[주4.5/연봉3100] 복지좋은 송도한의원 데스크직원 구인,https://www.saramin.co.kr/zf_user/jobs/relay/view?view_type=search&rec_idx=49343795&location=ts&searchword=C&searchType=search&paid_fl=n&search_uuid=88f438e8-0aaa-4a02-ae11-3cbfb5a4fb0a,인천 연수구,경력무관,고졸↑,"3,100 만원",정규직,~ 12/05(목),"사무보조, 사무행정, 고객안내, 고객관리, 고객응대 외                    수정일 24/11/25",인기있는
C,담비한의원,유성구 상대동 한의원 [데스크 직원] 구인합니다,https://www.saramin.co.kr/zf_user/jobs/relay/view?view_type=search&rec_idx=49421824&location=ts&searchword=C&searchType=search&paid_fl=n&search_uuid=88f438e8-0aaa-4a02-ae11-3cbfb5a4fb0a,대전 유성구,경력무관,학력무관,220 만원,정규직·계약직,~ 12/18(수),"고객응대, 안내데스크, 병원코디네이터, 상담실장, 환자안내 외                    등록일 24/11/18",인기있는
C,담비한의원,유성 상대동 한의원 [치료실 직원] 구인합니다.,https://www.saramin.co.kr/zf_user/jobs/relay/view?view_type=search&rec_idx=49459877&location=ts&searchword=C&searchType=search&paid_fl=n&search_uuid=88f438e8-0aaa-4a02-ae11-3cbfb5a4fb0a,대전 유성구,경력무관,학력무관,"2,640 만원",정규직·계약직,~ 12/25(수),"간호조무사, 한의원, 한의원 등록일 24/11/25",인기있는
C,주식회사 사계절,"CS주간 사무업무 및 단순 생산업무, 신입 및 경력사원 모집",https://www.saramin.co.kr/zf_user/jobs/relay/view?view_type=search&rec_idx=49487642&location=ts&searchword=C&searchType=search&paid_fl=n&search_uuid=88f438e8-0aaa-4a02-ae11-3cbfb5a4fb0a,충남 홍성군,경력무관,학력무관,220 만원,정규직·무기계약직,상시채용,"코팅, 자동화라인, 자동화설계, 생산자동화, 생산 외                    등록일 24/11/28",인기있는
C,샤인빔의원,[월267+식대30상당] 울산 샤인빔의원 코디/CS 채용,https://www.saramin.co.kr/zf_user/jobs/relay/view?view_type=search&rec_idx=49487391&location=ts&searchword=C&searchType=search&paid_fl=n&search_uuid=88f438e8-0aaa-4a02-ae11-3cbfb5a4fb0a,울산 남구,경력무관,학력무관,"3,200 만원",정규직,~ 12/28(토),"CS, 인바운드, 고객관리, 상담원, 전화상담 외                    등록일 24/11/28",인기있는
C,(주)케이원파트너스컴퍼니,"제약, 바이오 품질, 밸리데이션 및 제조관리부문(QC, QA)",https://www.saramin.co.kr/zf_user/jobs/relay/view?view_type=search&rec_idx=49435964&location=ts&searchword=C&searchType=search&paid_fl=n&search_uuid=88f438e8-0aaa-4a02-ae11-3cbfb5a4fb0a,서울 강남구,경력무관,대졸↑,"4,000 만원",정규직,~ 12/20(금),"품질관리, QC, 생산관리, 제조, 품질보증 외                    등록일 24/11/20",인기있는
C,송월(주),송월타올 본사 IT팀 신입/경력 사원 채용,https://www.saramin.co.kr/zf_user/jobs/relay/view?view_type=search&rec_idx=49417575&location=ts&searchword=C&searchType=search&paid_fl=n&search_uuid=88f438e8-0aaa-4a02-ae11-3cbfb5a4fb0a,경남 양산시,경력무관,대졸↑,"3,300 만원",정규직,오늘마감,"C언어, CPO, C#, PHP, ASP 외                    수정일 24/11/26",총무·법무·사무 지원 급상승
C,(주)휴먼코아,[업계최고ㅣ신세계그룹ㅣ더블유컨셉] 상품기획 AMD 채용,https://www.saramin.co.kr/zf_user/jobs/relay/view?view_type=search&rec_idx=49355780&location=ts&searchword=C&searchType=search&paid_fl=n&search_uuid=88f438e8-0aaa-4a02-ae11-3cbfb5a4fb0a,서울 강남구,경력무관,초대졸↑,236 만원,계약직·파견직,~ 12/07(토),"리테일MD, SNS, 마케팅, 마케팅기획, 온라인마케팅 외                    수정일 24/11/07",상품기획·MD 스크랩 TOP100
C,일양약품(주),[일양약품] 생활건강사업팀 채용,https://www.saramin.co.kr/zf_user/jobs/relay/view?view_type=search&rec_idx=49436425&location=ts&searchword=C&searchType=search&paid_fl=n&search_uuid=88f438e8-0aaa-4a02-ae11-3cbfb5a4fb0a,서울 강남구,경력무관,대졸↑,"4,600 만원",정규직,오늘마감,"B2C, 기획, 마케팅, 운영, 상품개발 외                    등록일 24/11/20",평균연봉 상위 10%
C,(주)글로씨,(주)글로씨 경리 및 사무보조 모집,https://www.saramin.co.kr/zf_user/jobs/relay/view?view_type=search&rec_idx=49426909&location=ts&searchword=C&searchType=search&paid_fl=n&search_uuid=6d222ad6-42ae-4eb6-bee5-ba50182478a1,경북 구미시,경력1년↑,고졸↑,190 만원,정규직,~ 12/19(목),"총무, 사무보조, 사무직, 경영지원, 인사 외                    등록일 24/11/19",인기있는
C,(주)에이블리코퍼레이션,[에이블리] 뷰티 MD 인턴,https://www.saramin.co.kr/zf_user/jobs/relay/view?view_type=search&rec_idx=49484367&location=ts&searchword=C&searchType=search&paid_fl=n&search_uuid=6d222ad6-42ae-4eb6-bee5-ba50182478a1,서울 서초구,경력무관,학력무관,230 만원,인턴직,~ 12/15(일),"리테일MD, 온라인MD, 기획MD, 영업MD, 영업MD 외                    수정일 24/11/27",상품기획·MD 지원 TOP100
java,(주)이노스피치,JAVA웹개발자(신입~경력) 모집(서울 송파),https://www.saramin.co.kr/zf_user/jobs/relay/view?view_type=search&rec_idx=49396264&location=ts&searchword=java&searchType=search&paid_fl=n&search_uuid=2cfcd096-38e0-4702-b6bc-446b55a86fc2,서울 송파구,경력무관,대졸↑,"3,200 만원",정규직,~ 12/13(금),"JSP, Java, Javascript, Spring, 웹개발 외                    수정일 24/11/13",서비스 지원 TOP100
java,(주)모은넷,기술연구소 SW개발자 채용 (JAVA/C#/.NET),https://www.saramin.co.kr/zf_user/jobs/relay/view?view_type=search&rec_idx=49450374&location=ts&searchword=java&searchType=search&paid_fl=n&search_uuid=2cfcd096-38e0-4702-b6bc-446b55a86fc2,경기 수원시 영통구,경력무관,대졸↑,"3,500 만원",정규직,~ 12/22(일),"JSP, Java, Javascript, 웹개발, 유지보수 외                    수정일 24/11/28",연봉상승률 20% 이상
java,(주)만들다컴퍼니,"지속 성장가능한 개발 인력 모집-Flutter,Python,JAVA,재택가능",https://www.saramin.co.kr/zf_user/jobs/relay/view?view_type=search&rec_idx=49472340&location=ts&searchword=java&searchType=search&paid_fl=n&search_uuid=2cfcd096-38e0-4702-b6bc-446b55a86fc2,경기 안양시 동안구,경력무관,대졸↑,"3,000 만원",정규직,채용시,"Java, 웹개발, 백엔드/서버개발, Python, API 외                    수정일 24/11/26",인기있는
java,(주)하솜정보기술,클라우드 백엔드 프로그램  java 및 데이타서버 개발 프로그램,https://www.saramin.co.kr/zf_user/jobs/relay/view?view_type=search&rec_idx=49370451&location=ts&searchword=java&searchType=search&paid_fl=n&search_uuid=2cfcd096-38e0-4702-b6bc-446b55a86fc2,서울 마포구,경력무관,대졸↑,"3,000 만원",정규직,~ 12/10(화),"Java, Spring, 웹개발, 백엔드/서버개발, MySQL 외                    등록일 24/11/10",인기있는
java,주식회사 에이데이타,JAVA Back-End 개발자 정규직(신입) 채용,https://www.saramin.co.kr/zf_user/jobs/relay/view?view_type=search&rec_idx=49490073&location=ts&searchword=java&searchType=search&paid_fl=n&search_uuid=2cfcd096-38e0-4702-b6bc-446b55a86fc2,서울 성동구,경력무관,대졸↑,"3,400 만원",정규직,~ 12/13(금),"Java, Javascript, Spring, 솔루션, 백엔드/서버개발 외                    등록일 24/11/28",IT개발·데이터 지원 TOP100
java,데이원 주식회사,Java&백엔드/서버개발外 정규직 채용 - 신입사원,https://www.saramin.co.kr/zf_user/jobs/relay/view?view_type=search&rec_idx=49499863&location=ts&searchword=java&searchType=search&paid_fl=n&search_uuid=2cfcd096-38e0-4702-b6bc-446b55a86fc2,서울 강남구,신입,대졸↑,"2,800 만원",정규직,~ 12/30(월),"Java, JPA, 백엔드/서버개발, SpringBoot, SQL 외                    등록일 24/11/30",
java,구우정보기술,SI/SM 응용프로그램(JAVA) 개발자 채용,https://www.saramin.co.kr/zf_user/jobs/relay/view?view_type=search&rec_idx=49400932&location=ts&searchword=java&searchType=search&paid_fl=n&search_uuid=2cfcd096-38e0-4702-b6bc-446b55a86fc2,서울 강남구,신입,초대졸↑,"2,800 만원",정규직,~ 12/14(토),"Java, 웹개발, .NET, SQL, ERP 외                    등록일 24/11/14",인기있는
java,㈜이씨마이너,연구소 빅데이터분석/AI솔루션개발자/Java 개발자 모집,https://www.saramin.co.kr/zf_user/jobs/relay/view?view_type=search&rec_idx=49420870&location=ts&searchword=java&searchType=search&paid_fl=n&search_uuid=f4603aef-896c-4749-b08e-4c7eca1f7d24,서울 강남구,경력무관,대졸↑,"3,500 만원",정규직,~ 01/17(금),"Java, Javascript, CSS, HTML, API 외                    수정일 24/11/18",인기있는
java,데이터플로,"개발자 채용 - 자바 백엔드 JAVA (정규직,계약직,프리랜서",https://www.saramin.co.kr/zf_user/jobs/relay/view?view_type=search&rec_idx=49260639&location=ts&searchword=java&searchType=search&paid_fl=n&search_uuid=f4603aef-896c-4749-b08e-4c7eca1f7d24,서울 강남구,경력무관,고졸↑,"8,000 만원",정규직·계약직,~ 12/23(월),"JSP, Java, Spring, RDBMS, MyBatis 외                    등록일 24/10/24",인기있는
java,(주)휴앤시스,java 프로그래머 신입 채용(정규직)/병역특례/학원졸업자 환영,https://www.saramin.co.kr/zf_user/jobs/relay/view?view_type=search&rec_idx=49328817&location=ts&searchword=java&searchType=search&paid_fl=n&search_uuid=f4603aef-896c-4749-b08e-4c7eca1f7d24,경기 안양시 동안구,신입,학력무관,"2,500 만원",정규직,~ 01/03(금),"Java, SI·시스템통합, 소프트웨어개발, SM 수정일 24/11/04",연봉상승률 10% 이상
java,주식회사 코레토,[JAVA/경력]코레토와 함께할 백엔드 개발자를 모십니다.,https://www.saramin.co.kr/zf_user/jobs/relay/view?view_type=search&rec_idx=49417473&location=ts&searchword=java&searchType=search&paid_fl=n&search_uuid=f4603aef-896c-4749-b08e-4c7eca1f7d24,서울 강남구,경력 1~6년,초대졸↑,"3,300 만원",정규직,~ 12/18(수),"Java, Spring, 솔루션, 백엔드/서버개발, MySQL 외                    등록일 24/11/18",연봉상승률 20% 이상
java,인스피언(주),기술연구소 경력 연구원 설계/개발(Java/React) 경력자 모집,https://www.saramin.co.kr/zf_user/jobs/relay/view?view_type=search&rec_idx=49378953&location=ts&searchword=java&searchType=search&paid_fl=n&search_uuid=160f0011-184f-4d10-afda-0eb92db1c9ff,서울 금천구,경력10년↑,대졸↑,"6,500 만원",정규직,~ 01/10(금),"Java, Spring, 웹개발, 솔루션, 백엔드/서버개발 외                    수정일 24/11/21",IT개발·데이터 조회 급상승
java,(주)한국아이오티기술원,Java 백엔드 서버 개발자 모집,https://www.saramin.co.kr/zf_user/jobs/relay/view?view_type=search&rec_idx=49399495&location=ts&searchword=java&searchType=search&paid_fl=n&search_uuid=160f0011-184f-4d10-afda-0eb92db1c9ff,서울 금천구,경력 5~10년,대졸↑,"5,000 만원",정규직,~ 12/14(토),"Java, Spring, 웹개발, 백엔드/서버개발, Linux 외                    등록일 24/11/14",스타트업
java,(주)엔유비즈,경력개발자 모집 : 웹(JAVA/Spring/React),https://www.saramin.co.kr/zf_user/jobs/relay/view?view_type=search&rec_idx=49351272&location=ts&searchword=java&searchType=search&paid_fl=n&search_uuid=19cebe1a-228e-4c72-8b9e-4498fcde3a65,광주 서구,경력 1~10년,초대졸↑,270 만원,정규직·기간제,~ 12/06(금),"JSP, Java, Spring, 웹개발, React 외                    등록일 24/11/06",워라밸
java,(주)아이클레이브 / iclave,[ Ai스타트업 ]JAVAㆍKotlinㆍReact 웹 풀스택 경력 모집,https://www.saramin.co.kr/zf_user/jobs/relay/view?view_type=search&rec_idx=49392308&location=ts&searchword=java&searchType=search&paid_fl=n&search_uuid=7b08d70d-c601-4425-8ce0-69a8d7f8b49a,서울 서초구,경력 2~10년,대졸↑,"4,000 만원",정규직,~ 12/13(금),"Java, Javascript, Spring, 웹개발, 유지보수 외                    등록일 24/11/13",스타트업
java,소명소프트(주),[웹개발] 계약직 중급 JAVA 개발자 채용 공고,https://www.saramin.co.kr/zf_user/jobs/relay/view?view_type=search&rec_idx=49389686&location=ts&searchword=java&searchType=search&paid_fl=n&search_uuid=0823b19b-76aa-4276-ae2d-07c55499806f,서울 송파구,경력 3~5년,초대졸↑,"4,000 만원",계약직,~ 12/13(금),"JSP, Java, 웹개발, 유지보수, 백엔드/서버개발 외                    등록일 24/11/13",프리한 복장
java,(주)피어라인,(경력) 백엔드 개발자 채용 (JAVA/ Node.js),https://www.saramin.co.kr/zf_user/jobs/relay/view?view_type=search&rec_idx=49441380&location=ts&searchword=java&searchType=search&paid_fl=n&search_uuid=f5ce6116-aad9-43b0-bc9c-d4066c276de8,서울 금천구,경력3년↑,학력무관,"4,000 만원",정규직,채용시,"Java, 백엔드/서버개발, S/W, Windows, Linux 외                    등록일 24/11/20",워라밸
java,다겸(주),MES (JAVA / Javascript) 개발자 모집,https://www.saramin.co.kr/zf_user/jobs/relay/view?view_type=search&rec_idx=49251029&location=ts&searchword=java&searchType=search&paid_fl=n&search_uuid=e7797e6e-97f2-4bfb-b8eb-a6d6fce2bc9f,서울 금천구,경력 5~10년,대졸↑,"7,000 만원",정규직,~ 12/22(일),"JSP, Java, Javascript, Spring, 백엔드/서버개발 외                    수정일 24/11/22",
java,주식회사스마이트,[JAVA개발자(은행 및 보험분야 유경험자)] 웹개발,https://www.saramin.co.kr/zf_user/jobs/relay/view?view_type=search&rec_idx=49225040&location=ts&searchword=java&searchType=search&paid_fl=n&search_uuid=2cc4d6dc-07b9-4644-9167-7ecccaf2ae97,서울 중구,경력 5~20년,초대졸↑,"6,000 만원",정규직·프리랜서,~ 12/17(화),"JSP, Java, Spring, 웹개발, 유지보수 외                    수정일 24/10/18",
java,(주)리턴트루,"[프리, 계약]  자바개발자를 모십니다.",https://www.saramin.co.kr/zf_user/jobs/relay/view?view_type=search&rec_idx=49399396&location=ts&searchword=java&searchType=search&paid_fl=n&search_uuid=2cc4d6dc-07b9-4644-9167-7ecccaf2ae97,서울 종로구,경력 5~20년,초대졸↑,600 만원,계약직·프리랜서,~ 12/14(토),"Java, 웹개발, 솔루션업체, 소프트웨어개발 등록일 24/11/14",연봉상승률 15% 이상
java,푸른IT,영등포 당산역 대기업 구매시스템 장기 SM ( 자바개발자 ),https://www.saramin.co.kr/zf_user/jobs/relay/view?view_type=search&rec_idx=49500664&location=ts&searchword=java&searchType=search&paid_fl=n&search_uuid=cda6fde0-e35e-4be3-8af7-acd5be194f4d,서울 영등포구,경력 6~20년,초대졸↑,700 만원,프리랜서,~ 12/12(목),"JSP, Java, Javascript, Spring, 웹개발 외                    수정일 24/11/30",오늘 뜬
java,(주)이지씨엔에스아이,공공기관(양재동)  상주  유지보수 고급 자바개발(Mi-Paltform),https://www.saramin.co.kr/zf_user/jobs/relay/view?view_type=search&rec_idx=49444415&location=ts&searchword=java&searchType=search&paid_fl=n&search_uuid=cda6fde0-e35e-4be3-8af7-acd5be194f4d,서울 서초구,경력 6~9년,초대졸↑,450 만원,정규직·계약직,~ 12/21(토),"JSP, Java, 웹개발, 유지보수, SI·시스템통합 외                    등록일 24/11/21",
java,더조은컴퓨터아카데미종로,"[NCS 훈련교사] 빅데이터(파이썬)엘러스틱서치,자바웹 전문강사",https://www.saramin.co.kr/zf_user/jobs/relay/view?view_type=search&rec_idx=49408730&location=ts&searchword=java&searchType=search&paid_fl=n&search_uuid=cda6fde0-e35e-4be3-8af7-acd5be194f4d,서울 종로구,경력무관,학력무관,"9,860 원",기간제·계약직,~ 12/15(일),"직업훈련, 컴퓨터교육, 훈련교사, IT학원 등록일 24/11/15",
java,(주)더원테크,빅데이터 와 인공지능 AI 프로그램 개발자 모십니다.,https://www.saramin.co.kr/zf_user/jobs/relay/view?view_type=search&rec_idx=49458875&location=ts&searchword=java&searchType=search&paid_fl=y&search_uuid=cda6fde0-e35e-4be3-8af7-acd5be194f4d,서울 금천구,경력무관,대졸↑,"3,000 만원",정규직,~ 12/24(화),"Java, MySQL, Python, 데이터분석가, 데이터엔지니어 외                    등록일 24/11/24",인기있는
java,(주)디엔오토모티브,2024년 하반기 DN오토모티브 대졸 신입사원 공개채용,https://www.saramin.co.kr/zf_user/jobs/relay/view?view_type=search&rec_idx=49430472&location=ts&searchword=java&searchType=search&paid_fl=n&search_uuid=cda6fde0-e35e-4be3-8af7-acd5be194f4d,경남 양산시,신입,대졸↑,"5,150 만원",정규직,오늘마감,"Java, 웹개발, 유지보수, 솔루션, 프론트엔드 외                    수정일 24/11/25",생산 지원 TOP100
IT개발·데이터,크레텍책임(주),[크레텍책임/웰딩] 상시채용,https://www.saramin.co.kr/zf_user/jobs/relay/view?view_type=search&rec_idx=49351475&location=ts&searchword=IT%EA%B0%9C%EB%B0%9C%C2%B7%EB%8D%B0%EC%9D%B4%ED%84%B0&searchType=search&paid_fl=n&search_uuid=9dd108b3-3836-4164-805c-dbcadf86609a,대구 중구,경력무관,고졸↑,"3,000 만원",정규직·계약직,~ 12/06(금),"Java, MySQL, 무역사무원, 영업직, 물류관리 외                    등록일 24/11/06",인기있는
IT개발·데이터,(주)씨에스엠17,NestJS+Python 백엔드 개발자 팀장 채용,https://www.saramin.co.kr/zf_user/jobs/relay/view?view_type=search&rec_idx=49328612&location=ts&searchword=IT%EA%B0%9C%EB%B0%9C%C2%B7%EB%8D%B0%EC%9D%B4%ED%84%B0&searchType=search&paid_fl=n&search_uuid=098c5d12-52a3-4b7e-8629-26e6dde6f872,서울 금천구,경력5년↑,대졸↑,"7,000 만원",정규직,~ 12/03(화),"백엔드/서버개발, 웹개발, 웹마스터, 유지보수, 인프라 외                    수정일 24/11/04",취업축하금
IT개발·데이터,(주)에이아이비즈,[병역특례]산업용 제조 AI 솔루션 개발자(Front-End)(석사 학위),https://www.saramin.co.kr/zf_user/jobs/relay/view?view_type=search&rec_idx=49438529&location=ts&searchword=IT%EA%B0%9C%EB%B0%9C%C2%B7%EB%8D%B0%EC%9D%B4%ED%84%B0&searchType=search&paid_fl=n&search_uuid=098c5d12-52a3-4b7e-8629-26e6dde6f872,서울 동작구,경력무관,학력무관,"4,500 만원",전문연구요원·현역,~ 12/20(금),"백엔드/서버개발, 프론트엔드, SI개발, 솔루션, SI·시스템통합 수정일 24/11/20",급성장중
IT개발·데이터,(주)트랜스코스모스코리아,[중식제공/주중5일/성남] 포티투닷 데이터라벨링 모집,https://www.saramin.co.kr/zf_user/jobs/relay/view?view_type=search&rec_idx=49380144&location=ts&searchword=IT%EA%B0%9C%EB%B0%9C%C2%B7%EB%8D%B0%EC%9D%B4%ED%84%B0&searchType=search&paid_fl=n&search_uuid=ff66e910-2f81-4b1b-b3fa-c0876beaf33e,경기 성남시 수정구,경력,학력무관,240 만원,계약직·파견직,~ 12/11(수),"데이터분석가, 데이터라벨링, 자율주행, 아웃소싱, 파견대행 등록일 24/11/11",
IT개발·데이터,(주)제니엘,[송도/IT인프라관리/경영지원] IT어드민 & 총무 업무지원 파견직,https://www.saramin.co.kr/zf_user/jobs/relay/view?view_type=search&rec_idx=49464700&location=ts&searchword=IT%EA%B0%9C%EB%B0%9C%C2%B7%EB%8D%B0%EC%9D%B4%ED%84%B0&searchType=search&paid_fl=n&search_uuid=ff66e910-2f81-4b1b-b3fa-c0876beaf33e,인천 연수구,경력2년↑,초대졸↑,"3,400 만원",계약직,채용시,"인프라, 총무, 경영지원, 유지보수, 정보보안 외                    등록일 24/11/25",
IT개발·데이터,(주)트랜스코스모스코리아,[부천/메뉴잇] 포스기 태블릿PC 기술지원 사원 채용,https://www.saramin.co.kr/zf_user/jobs/relay/view?view_type=search&rec_idx=49466357&location=ts&searchword=IT%EA%B0%9C%EB%B0%9C%C2%B7%EB%8D%B0%EC%9D%B4%ED%84%B0&searchType=search&paid_fl=n&search_uuid=ff66e910-2f81-4b1b-b3fa-c0876beaf33e,경기 부천시 원미구,경력무관,고졸↑,"3,500 만원",계약직·파견직 (정규직 전환가능),~ 12/13(금),"기술지원, 네트워크, H/W, S/W, 학습상담 외                    등록일 24/11/25",프리한 복장
IT개발·데이터,(주)트랜스코스모스코리아,[외국계/영어필수] IT헬프데스크 채용,https://www.saramin.co.kr/zf_user/jobs/relay/view?view_type=search&rec_idx=49485870&location=ts&searchword=IT%EA%B0%9C%EB%B0%9C%C2%B7%EB%8D%B0%EC%9D%B4%ED%84%B0&searchType=search&paid_fl=n&search_uuid=ff66e910-2f81-4b1b-b3fa-c0876beaf33e,서울 영등포구,경력,학력무관,"4,000 만원",계약직·파견직,~ 12/13(금),"기술지원, 상담원, 인바운드, CS, 고객관리 외                    수정일 24/11/28",IT개발·데이터 지원 급상승
IT개발·데이터,(주)트랜스코스모스코리아,[부산/외국계/영어필수] IT헬프데스크 채용,https://www.saramin.co.kr/zf_user/jobs/relay/view?view_type=search&rec_idx=49485880&location=ts&searchword=IT%EA%B0%9C%EB%B0%9C%C2%B7%EB%8D%B0%EC%9D%B4%ED%84%B0&searchType=search&paid_fl=n&search_uuid=ff66e910-2f81-4b1b-b3fa-c0876beaf33e,부산 중구,경력,학력무관,"4,000 만원",계약직·파견직,~ 12/28(토),"기술지원, 상담원, 인바운드, CS, 고객관리 외                    수정일 24/11/28",
IT개발·데이터,(주)프로에스콤,[주간고정] GS타워 보안사원 모집,https://www.saramin.co.kr/zf_user/jobs/relay/view?view_type=search&rec_idx=49394737&location=ts&searchword=IT%EA%B0%9C%EB%B0%9C%C2%B7%EB%8D%B0%EC%9D%B4%ED%84%B0&searchType=search&paid_fl=n&search_uuid=ff66e910-2f81-4b1b-b3fa-c0876beaf33e,서울 강남구,경력무관,고졸↑,265 만원,정규직,~ 12/13(금),"경비원, 경비지도사, 경호원, 보안요원, 안전요원 외                    등록일 24/11/13",인기있는
IT개발·데이터,(주)프로에스콤,[3교대근무] LG U+ 평촌메가센터 보안 사원 모집,https://www.saramin.co.kr/zf_user/jobs/relay/view?view_type=search&rec_idx=49425393&location=ts&searchword=IT%EA%B0%9C%EB%B0%9C%C2%B7%EB%8D%B0%EC%9D%B4%ED%84%B0&searchType=search&paid_fl=n&search_uuid=ff66e910-2f81-4b1b-b3fa-c0876beaf33e,경기 안양시 동안구,경력무관,고졸↑,285 만원,계약직,~ 12/19(목),"보안컨설팅, 정보보안, 경비원, 경비지도사, 보안요원 외                    등록일 24/11/19",
IT개발·데이터,(주)프로에스콤,[주6일근무/월240만] 트윈타워 주차관제사원 모집,https://www.saramin.co.kr/zf_user/jobs/relay/view?view_type=search&rec_idx=49473826&location=ts&searchword=IT%EA%B0%9C%EB%B0%9C%C2%B7%EB%8D%B0%EC%9D%B4%ED%84%B0&searchType=search&paid_fl=n&search_uuid=ff66e910-2f81-4b1b-b3fa-c0876beaf33e,서울 영등포구,경력무관,학력무관,240 만원,정규직·계약직,상시채용,"정산관리, 주차요원, 고객응대, 요금정산, 보안관제 외                    등록일 24/11/26",
IT개발·데이터,엘비유세스(주),[인덕원역/PC/게시판] 농협IT센터 PC원격 담당자 모집,https://www.saramin.co.kr/zf_user/jobs/relay/view?view_type=search&rec_idx=49392158&location=ts&searchword=IT%EA%B0%9C%EB%B0%9C%C2%B7%EB%8D%B0%EC%9D%B4%ED%84%B0&searchType=search&paid_fl=n&search_uuid=ff66e910-2f81-4b1b-b3fa-c0876beaf33e,경기 의왕시,경력무관,고졸↑,230 만원,정규직,채용시,"기술지원, IT컨설팅, H/W, S/W, 상담원 외                    수정일 24/11/13",프리한 복장
IT개발·데이터,엘비유세스(주),LX세미콘 PC유지보수 담당자 채용,https://www.saramin.co.kr/zf_user/jobs/relay/view?view_type=search&rec_idx=49393467&location=ts&searchword=IT%EA%B0%9C%EB%B0%9C%C2%B7%EB%8D%B0%EC%9D%B4%ED%84%B0&searchType=search&paid_fl=n&search_uuid=ff66e910-2f81-4b1b-b3fa-c0876beaf33e,서울 강남구,경력무관,고졸↑,225 만원,정규직,~ 12/13(금),"기술지원, 보안컨설팅, 유지보수, IT컨설팅, 네트워크 외                    수정일 24/11/25",사내 카페
IT개발·데이터,송월(주),송월타올 본사 IT팀 신입/경력 사원 채용,https://www.saramin.co.kr/zf_user/jobs/relay/view?view_type=search&rec_idx=49417575&location=ts&searchword=IT%EA%B0%9C%EB%B0%9C%C2%B7%EB%8D%B0%EC%9D%B4%ED%84%B0&searchType=search&paid_fl=n&search_uuid=ff66e910-2f81-4b1b-b3fa-c0876beaf33e,경남 양산시,경력무관,대졸↑,"3,300 만원",정규직,오늘마감,"CPO, DBA, 솔루션, 인프라, 임베디드 외                    수정일 24/11/26",총무·법무·사무 지원 급상승
IT개발·데이터,(주)케이알산업,(주)KR산업 정보통신 기술자 채용,https://www.saramin.co.kr/zf_user/jobs/relay/view?view_type=search&rec_idx=49415840&location=ts&searchword=IT%EA%B0%9C%EB%B0%9C%C2%B7%EB%8D%B0%EC%9D%B4%ED%84%B0&searchType=search&paid_fl=n&search_uuid=20e95c3c-e167-453d-b01f-47356710ac24,경기 광주시,경력무관,고졸↑,"3,000 만원",무기계약직·계약직,~ 12/18(수),"정보통신, 하드웨어, 펌웨어, 유지보수 수정일 24/11/26",자유로운 연차
IT개발·데이터,아트라스콥코코리아(주),[아트라스콥코코리아] 서비스 엔지니어 인턴십 (화성),https://www.saramin.co.kr/zf_user/jobs/relay/view?view_type=search&rec_idx=49409636&location=ts&searchword=IT%EA%B0%9C%EB%B0%9C%C2%B7%EB%8D%B0%EC%9D%B4%ED%84%B0&searchType=search&paid_fl=n&search_uuid=fee35224-0182-46e5-8674-8d359374f19a,경기 광명시,경력무관,초대졸↑,250 만원,인턴직,채용시,"기술지원, 임베디드, H/W, MCU, S/W 외                    등록일 24/11/15",평균연봉 상위 10%
IT개발·데이터,대보정보통신(주),대구부산ITS 정보통신시설물 유지관리 직원 채용,https://www.saramin.co.kr/zf_user/jobs/relay/view?view_type=search&rec_idx=49379191&location=ts&searchword=IT%EA%B0%9C%EB%B0%9C%C2%B7%EB%8D%B0%EC%9D%B4%ED%84%B0&searchType=search&paid_fl=n&search_uuid=953cc45a-97dd-48b0-9b09-3447e3811745,경남 밀양시,경력무관,학력무관,"3,000 만원",정규직,~ 01/10(금),"네트워크, H/W, 시설관리, 시설관리 수정일 24/11/11",장기근속 포상
IT개발·데이터,대보정보통신(주),고속도로 정보통신시설물 유지관리 직원 채용(신입 또는 경력),https://www.saramin.co.kr/zf_user/jobs/relay/view?view_type=search&rec_idx=49378088&location=ts&searchword=IT%EA%B0%9C%EB%B0%9C%C2%B7%EB%8D%B0%EC%9D%B4%ED%84%B0&searchType=search&paid_fl=n&search_uuid=953cc45a-97dd-48b0-9b09-3447e3811745,경기 용인시 기흥구,경력무관,학력무관,"3,000 만원",정규직,23시마감,"네트워크, H/W, 시설관리, 시설관리 등록일 24/11/11",장기근속 포상
IT개발·데이터,(주)소만사,가상화SW솔루션(VDI) 운영관리자(고객사 출퇴근),https://www.saramin.co.kr/zf_user/jobs/relay/view?view_type=search&rec_idx=49400626&location=ts&searchword=IT%EA%B0%9C%EB%B0%9C%C2%B7%EB%8D%B0%EC%9D%B4%ED%84%B0&searchType=search&paid_fl=n&search_uuid=34c3d9ac-6e7c-4390-bc56-6a67bb52293c,서울 마포구,경력무관,초대졸↑,220 만원,기간제·계약직,오늘마감,"기술지원, 정보보안, SE(시스템엔지니어), VDI, VMware 외                    수정일 24/11/21",
IT개발·데이터,(주)아이피시,[부산/센텀시티] 게임 운영 담당자 채용,https://www.saramin.co.kr/zf_user/jobs/relay/view?view_type=search&rec_idx=49499156&location=ts&searchword=IT%EA%B0%9C%EB%B0%9C%C2%B7%EB%8D%B0%EC%9D%B4%ED%84%B0&searchType=search&paid_fl=n&search_uuid=34c3d9ac-6e7c-4390-bc56-6a67bb52293c,부산 해운대구,경력무관,학력무관,"2,550 만원",파견직 (정규직 전환가능)·파견직,~ 12/29(일),"GM(게임운영), QA/테스터, 게임운영, 게임, GM·CS 외                    등록일 24/11/29",
IT개발·데이터,(주)케이티씨에스,[kt플라자] 경주플라자 채용공고,https://www.saramin.co.kr/zf_user/jobs/relay/view?view_type=search&rec_idx=49155107&location=ts&searchword=IT%EA%B0%9C%EB%B0%9C%C2%B7%EB%8D%B0%EC%9D%B4%ED%84%B0&searchType=search&paid_fl=n&search_uuid=61bdc622-8524-4f7c-bffe-73f5f285fbc3,경북 경주시,경력무관,학력무관,"3,500 만원",기간제·계약직,채용시,"정보통신, IT·통신기기판매 수정일 24/11/26",연봉상승률 20% 이상
IT개발·데이터,(주)케이티씨에스,[포항점] kt플라자 채용공고,https://www.saramin.co.kr/zf_user/jobs/relay/view?view_type=search&rec_idx=49258305&location=ts&searchword=IT%EA%B0%9C%EB%B0%9C%C2%B7%EB%8D%B0%EC%9D%B4%ED%84%B0&searchType=search&paid_fl=n&search_uuid=61bdc622-8524-4f7c-bffe-73f5f285fbc3,경북 포항시 남구,경력무관,학력무관,"3,500 만원",기간제·계약직,채용시,"정보통신, IT·통신기기판매 수정일 24/11/26",연봉상승률 20% 이상
IT개발·데이터,(주)케이티씨에스,[kt플라자] 상권영업그룹 매니저  채용공고,https://www.saramin.co.kr/zf_user/jobs/relay/view?view_type=search&rec_idx=49354928&location=ts&searchword=IT%EA%B0%9C%EB%B0%9C%C2%B7%EB%8D%B0%EC%9D%B4%ED%84%B0&searchType=search&paid_fl=n&search_uuid=61bdc622-8524-4f7c-bffe-73f5f285fbc3,대구 중구,경력무관,학력무관,"3,700 만원",기간제·계약직,채용시,"정보통신, IT·통신기기판매 수정일 24/11/26",연봉상승률 20% 이상
IT개발·데이터,(주)케이티씨에스,[kt플라자] 플라자운영팀 스탭 채용공고,https://www.saramin.co.kr/zf_user/jobs/relay/view?view_type=search&rec_idx=49356713&location=ts&searchword=IT%EA%B0%9C%EB%B0%9C%C2%B7%EB%8D%B0%EC%9D%B4%ED%84%B0&searchType=search&paid_fl=n&search_uuid=61bdc622-8524-4f7c-bffe-73f5f285fbc3,대구 중구,경력무관,학력무관,"3,500 만원",기간제·계약직,채용시,"정보통신, IT·통신기기판매 수정일 24/11/18",연봉상승률 20% 이상
IT개발·데이터,(주)케이티씨에스,[kt플라자] 상권영업그룹 시니어 프론티어  채용공고,https://www.saramin.co.kr/zf_user/jobs/relay/view?view_type=search&rec_idx=49422708&location=ts&searchword=IT%EA%B0%9C%EB%B0%9C%C2%B7%EB%8D%B0%EC%9D%B4%ED%84%B0&searchType=search&paid_fl=n&search_uuid=61bdc622-8524-4f7c-bffe-73f5f285fbc3,대구 중구,경력무관,학력무관,"3,460 만원",기간제·계약직,~ 12/18(수),"정보통신, IT·통신기기판매 수정일 24/11/18",연봉상승률 20% 이상
IT개발·데이터,(주)케이티씨에스,[kt플라자] 대구권역 채용공고,https://www.saramin.co.kr/zf_user/jobs/relay/view?view_type=search&rec_idx=49422817&location=ts&searchword=IT%EA%B0%9C%EB%B0%9C%C2%B7%EB%8D%B0%EC%9D%B4%ED%84%B0&searchType=search&paid_fl=n&search_uuid=61bdc622-8524-4f7c-bffe-73f5f285fbc3,대구 동구,경력무관,학력무관,"3,500 만원",기간제·계약직,채용시,"정보통신, IT·통신기기판매 수정일 24/11/26",연봉상승률 20% 이상
IT개발·데이터,(주)엠제이플렉스,[성신양회/단양] 2024년 경력사원 채용(기계설비/소방),https://www.saramin.co.kr/zf_user/jobs/relay/view?view_type=search&rec_idx=49488049&location=ts&searchword=IT%EA%B0%9C%EB%B0%9C%C2%B7%EB%8D%B0%EC%9D%B4%ED%84%B0&searchType=search&paid_fl=n&search_uuid=61bdc622-8524-4f7c-bffe-73f5f285fbc3,충북 단양군,경력무관,학력무관,"5,000 만원",정규직,~ 12/28(토),"유지보수, 기계설계, 안전보건관리자, 소방설계, 소방/방재 외                    수정일 24/11/28",인기있는
IT개발·데이터,(주)엠제이플렉스,[서울랜드/경력직] 신사업 'BLOOM' 콘텐츠 기획 담당자 채용,https://www.saramin.co.kr/zf_user/jobs/relay/view?view_type=search&rec_idx=49490260&location=ts&searchword=IT%EA%B0%9C%EB%B0%9C%C2%B7%EB%8D%B0%EC%9D%B4%ED%84%B0&searchType=search&paid_fl=n&search_uuid=61bdc622-8524-4f7c-bffe-73f5f285fbc3,서울 강남구,경력 5~10년,학력무관,"10,000 만원",정규직,~ 12/28(토),"웹개발, 프로모션기획, SNS, 마케팅기획, SNS마케팅 외                    등록일 24/11/28",스타트업
웹개발백엔드/서버개발,나이스평가정보(주),[NICE평가정보] 개발자 경력직 채용,https://www.saramin.co.kr/zf_user/jobs/relay/view?view_type=search&rec_idx=49351274&location=ts&searchword=%EC%9B%B9%EA%B0%9C%EB%B0%9C%EB%B0%B1%EC%97%94%EB%93%9C%2F%EC%84%9C%EB%B2%84%EA%B0%9C%EB%B0%9C&searchType=search&paid_fl=n&search_uuid=eacb4679-c445-4a03-a20a-526cca237318,서울 영등포구,경력3년↑,초대졸↑,"6,000 만원",기간제·계약직,~ 12/07(토),"백엔드/서버개발, 앱개발, 웹개발, 유지보수, C# 외                    수정일 24/11/07",인기있는
웹개발백엔드/서버개발,인스피언(주),기술연구소 경력 연구원 설계/개발(Java/React) 경력자 모집,https://www.saramin.co.kr/zf_user/jobs/relay/view?view_type=search&rec_idx=49378953&location=ts&searchword=%EC%9B%B9%EA%B0%9C%EB%B0%9C%EB%B0%B1%EC%97%94%EB%93%9C%2F%EC%84%9C%EB%B2%84%EA%B0%9C%EB%B0%9C&searchType=search&paid_fl=n&search_uuid=eacb4679-c445-4a03-a20a-526cca237318,서울 금천구,경력10년↑,대졸↑,"6,500 만원",정규직,~ 01/10(금),"백엔드/서버개발, 웹개발, 개발PM, 솔루션, ERP 외                    수정일 24/11/21",IT개발·데이터 조회 급상승
웹개발백엔드/서버개발,(주)이스트게임즈,[신입] 캐주얼 전략액션 클라이언트 개발자,https://www.saramin.co.kr/zf_user/jobs/relay/view?view_type=search&rec_idx=49340879&location=ts&searchword=%EC%9B%B9%EA%B0%9C%EB%B0%9C%EB%B0%B1%EC%97%94%EB%93%9C%2F%EC%84%9C%EB%B2%84%EA%B0%9C%EB%B0%9C&searchType=search&paid_fl=n&search_uuid=ffe7f675-a99b-444e-a5a7-d2da46db2bd5,서울 서초구,신입,학력무관,"4,440 만원",정규직,~ 01/04(토),"게임개발, 백엔드/서버개발, 앱개발, 웹개발, C# 외                    수정일 24/11/14",연봉상승률 10% 이상
웹개발백엔드/서버개발,(주)한국경영원,[(주)한국경영원] HR Saas  신입 개발자 구인,https://www.saramin.co.kr/zf_user/jobs/relay/view?view_type=search&rec_idx=49464697&location=ts&searchword=%EC%9B%B9%EA%B0%9C%EB%B0%9C%EB%B0%B1%EC%97%94%EB%93%9C%2F%EC%84%9C%EB%B2%84%EA%B0%9C%EB%B0%9C&searchType=search&paid_fl=n&search_uuid=238a301e-a6db-4bce-9526-b19d6100c0d2,광주 북구,신입,학력무관,"3,240 만원",정규직,~ 12/25(수),"백엔드/서버개발, 앱개발, 웹개발, 프론트엔드, CSS 외                    등록일 24/11/25",
웹개발백엔드/서버개발,아라소프트(주),[아라소프트(주)] 기업부설연구소 부소장 채용(경남 진주 근무),https://www.saramin.co.kr/zf_user/jobs/relay/view?view_type=search&rec_idx=49403333&location=ts&searchword=%EC%9B%B9%EA%B0%9C%EB%B0%9C%EB%B0%B1%EC%97%94%EB%93%9C%2F%EC%84%9C%EB%B2%84%EA%B0%9C%EB%B0%9C&searchType=search&paid_fl=n&search_uuid=238a301e-a6db-4bce-9526-b19d6100c0d2,경남 진주시,경력10년↑,석사↑,"6,000 만원",정규직,채용시,"백엔드/서버개발, 앱개발, 웹개발, R&D, R&D기획 외                    수정일 24/11/26",
웹개발백엔드/서버개발,(주)라임에스엔씨,SRM(랙관리솔루션) / 모바일 업무관리 플랫폼 개발 및 유지보수,https://www.saramin.co.kr/zf_user/jobs/relay/view?view_type=search&rec_idx=49402851&location=ts&searchword=%EC%9B%B9%EA%B0%9C%EB%B0%9C%EB%B0%B1%EC%97%94%EB%93%9C%2F%EC%84%9C%EB%B2%84%EA%B0%9C%EB%B0%9C&searchType=search&paid_fl=n&search_uuid=9a0b7f45-a988-4318-bf83-e4573bee2c5a,서울 금천구,경력 2~5년,초대졸↑,"3,600 만원",정규직,~ 12/14(토),"백엔드/서버개발, 웹개발, Java, jQuery, JSP 외                    등록일 24/11/14",
웹개발백엔드/서버개발,(주)시내엔들,"IT 솔루션 - 클라이언트 개발자 (Vue.js, Flutter) 신입/경력",https://www.saramin.co.kr/zf_user/jobs/relay/view?view_type=search&rec_idx=49350432&location=ts&searchword=%EC%9B%B9%EA%B0%9C%EB%B0%9C%EB%B0%B1%EC%97%94%EB%93%9C%2F%EC%84%9C%EB%B2%84%EA%B0%9C%EB%B0%9C&searchType=search&paid_fl=n&search_uuid=b1430193-f9a7-4919-b3fe-574bc2b22b5f,서울 송파구,경력무관,대졸↑,"3,000 만원",정규직,채용시,"웹개발, 반응형웹, 솔루션, S/W, Ajax 외                    수정일 24/11/06",연봉상승률 10% 이상
웹개발백엔드/서버개발,(주)케이에스씨앤씨,"금융권 SM(운영) 개발자 모집(계약직, 중급)",https://www.saramin.co.kr/zf_user/jobs/relay/view?view_type=search&rec_idx=49400605&location=ts&searchword=%EC%9B%B9%EA%B0%9C%EB%B0%9C%EB%B0%B1%EC%97%94%EB%93%9C%2F%EC%84%9C%EB%B2%84%EA%B0%9C%EB%B0%9C&searchType=search&paid_fl=n&search_uuid=b1430193-f9a7-4919-b3fe-574bc2b22b5f,서울 강남구,경력5년↑,초대졸↑,600 만원,계약직,~ 12/21(토),"백엔드/서버개발, 웹개발, 유지보수, API, Node.js 외                    등록일 24/11/14",연봉상승률 15% 이상
웹개발백엔드/서버개발,(주)한국아이오티기술원,Java 백엔드 서버 개발자 모집,https://www.saramin.co.kr/zf_user/jobs/relay/view?view_type=search&rec_idx=49399495&location=ts&searchword=%EC%9B%B9%EA%B0%9C%EB%B0%9C%EB%B0%B1%EC%97%94%EB%93%9C%2F%EC%84%9C%EB%B2%84%EA%B0%9C%EB%B0%9C&searchType=search&paid_fl=n&search_uuid=b1430193-f9a7-4919-b3fe-574bc2b22b5f,서울 금천구,경력 5~10년,대졸↑,"5,000 만원",정규직,~ 12/14(토),"백엔드/서버개발, 웹개발, Java, Linux, Node.js 외                    등록일 24/11/14",스타트업
게임개발,(주)참테크놀로지,[가족친화기업] 2024년 영업지원(내근직) 정규직 채용공고,https://www.saramin.co.kr/zf_user/jobs/relay/view?view_type=search&rec_idx=49157455&location=ts&searchword=%EA%B2%8C%EC%9E%84%EA%B0%9C%EB%B0%9C&searchType=search&paid_fl=n&search_uuid=fb64cc6d-3b4e-4746-be64-da2300a455fb,경기 광명시,경력무관,고졸↑,"3,000 만원",정규직,상시채용,"계산서발행, 기업회계, 세무회계, 사무직, 서무 외                    등록일 24/10/08",인기있는
게임개발,(주)에스엠티,SMT 관리직 총무팀 사원 신입/경력 사원,https://www.saramin.co.kr/zf_user/jobs/relay/view?view_type=search&rec_idx=49480758&location=ts&searchword=%EA%B2%8C%EC%9E%84%EA%B0%9C%EB%B0%9C&searchType=search&paid_fl=n&search_uuid=fb64cc6d-3b4e-4746-be64-da2300a455fb,경북 경산시,신입·경력,학력무관,"4,128 만원",정규직,~ 12/07(토),"연말정산, 총무, 경영지원, 급여(Payroll), 복리후생 외                    등록일 24/11/27",인사·노무·HRD 스크랩 TOP100
게임개발,(주)에스엠티,2024년 SMT 관리직 신입/경력 사원 공개 채용,https://www.saramin.co.kr/zf_user/jobs/relay/view?view_type=search&rec_idx=49491919&location=ts&searchword=%EA%B2%8C%EC%9E%84%EA%B0%9C%EB%B0%9C&searchType=search&paid_fl=n&search_uuid=fb64cc6d-3b4e-4746-be64-da2300a455fb,경북 경산시,신입·경력,대졸↑,"5,160 만원",정규직,~ 12/29(일),"총무, 공정엔지니어, 공정설계, 물류관리, 자재관리 외                    등록일 24/11/29",생산 지원 TOP100
게임개발,(주)매쓰마스터,[스타트업] 경리 회계 / 경영지원(사무) 담당자 채용(경력직),https://www.saramin.co.kr/zf_user/jobs/relay/view?view_type=search&rec_idx=49320967&location=ts&searchword=%EA%B2%8C%EC%9E%84%EA%B0%9C%EB%B0%9C&searchType=search&paid_fl=n&search_uuid=fb64cc6d-3b4e-4746-be64-da2300a455fb,서울 강서구,경력1년↑,학력무관,"3,500 만원",정규직·계약직,~ 12/31(화),"경리, 경리사무원, 전산회계, 4대보험, 계산서발행 외                    수정일 24/11/14",회계·세무·재무 스크랩 급상승
게임개발,(주)이지스,3차원 시각화 연구&개발 채용(부산 기술 연구소),https://www.saramin.co.kr/zf_user/jobs/relay/view?view_type=search&rec_idx=49436688&location=ts&searchword=%EA%B2%8C%EC%9E%84%EA%B0%9C%EB%B0%9C&searchType=search&paid_fl=n&search_uuid=035b72f5-bdde-47b0-9c79-9dfa070d51f2,부산 해운대구,경력무관,학력무관,"3,500 만원",정규직,~ 12/31(화),"게임개발, 기술지원, 데이터분석가, 데이터엔지니어, 앱개발 외                    등록일 24/11/20",연봉상승률 10% 이상
게임개발,(주)이스트게임즈,[신입] 캐주얼 전략액션 클라이언트 개발자,https://www.saramin.co.kr/zf_user/jobs/relay/view?view_type=search&rec_idx=49340879&location=ts&searchword=%EA%B2%8C%EC%9E%84%EA%B0%9C%EB%B0%9C&searchType=search&paid_fl=n&search_uuid=035b72f5-bdde-47b0-9c79-9dfa070d51f2,서울 서초구,신입,학력무관,"4,440 만원",정규직,~ 01/04(토),"게임개발, 백엔드/서버개발, 앱개발, 웹개발, C# 외                    수정일 24/11/14",연봉상승률 10% 이상
게임개발,(주)스타에이치알,전산OP/나이스계열사/신입환영/IT경력쌓고월급받기,https://www.saramin.co.kr/zf_user/jobs/relay/view?view_type=search&rec_idx=49370119&location=ts&searchword=%EA%B2%8C%EC%9E%84%EA%B0%9C%EB%B0%9C&searchType=search&paid_fl=n&search_uuid=035b72f5-bdde-47b0-9c79-9dfa070d51f2,서울 영등포구,경력무관,학력무관,267 만원,파견직,채용시,"게임개발, 기술지원, 데이터엔지니어, 보안컨설팅, 유지보수 외                    등록일 24/11/10",인기있는
게임개발,㈜그린맨파워,[ 판교 / 카카오계열사 ] 게임 또는 웹.앱 서비스 QA 채용,https://www.saramin.co.kr/zf_user/jobs/relay/view?view_type=search&rec_idx=49494452&location=ts&searchword=%EA%B2%8C%EC%9E%84%EA%B0%9C%EB%B0%9C&searchType=search&paid_fl=n&search_uuid=035b72f5-bdde-47b0-9c79-9dfa070d51f2,경기 성남시 분당구,경력무관,학력무관,220 만원,계약직·파견직,~ 12/14(토),"게임개발, 기술지원, 앱개발, 웹개발, 유지보수 외                    수정일 24/11/29",인기있는
게임개발,(주)엠공사이,융합형 교육프로그램 기획 및 운영 정규직 채용,https://www.saramin.co.kr/zf_user/jobs/relay/view?view_type=search&rec_idx=49377097&location=ts&searchword=%EA%B2%8C%EC%9E%84%EA%B0%9C%EB%B0%9C&searchType=search&paid_fl=n&search_uuid=035b72f5-bdde-47b0-9c79-9dfa070d51f2,대전 서구,신입·경력,대졸↑,"3,200 만원",정규직,~ 12/10(화),"게임개발, 기획, 교육운영, 교육컨설턴트, 교육기획 외                    수정일 24/11/11",취업축하금
게임개발,인파이니,"[유니티 개발자] 신입가능, 재택가능, 유연근무제",https://www.saramin.co.kr/zf_user/jobs/relay/view?view_type=search&rec_idx=49412776&location=ts&searchword=%EA%B2%8C%EC%9E%84%EA%B0%9C%EB%B0%9C&searchType=search&paid_fl=n&search_uuid=035b72f5-bdde-47b0-9c79-9dfa070d51f2,서울 강서구,경력무관,학력무관,"3,000 만원",정규직,~ 12/15(일),"게임개발, 게임개발, 디자인, 게임디자인, Unity 외                    등록일 24/11/15",인기있는
게임개발,(주)이스트게임즈,DevOps 엔지니어,https://www.saramin.co.kr/zf_user/jobs/relay/view?view_type=search&rec_idx=49340860&location=ts&searchword=%EA%B2%8C%EC%9E%84%EA%B0%9C%EB%B0%9C&searchType=search&paid_fl=n&search_uuid=808fed63-265f-4ece-8d8d-272d807ee71f,서울 서초구,경력무관,학력무관,"4,440 만원",정규직,~ 01/04(토),"기술지원, SE(시스템엔지니어), 네트워크, 인프라, 클라우드 외                    수정일 24/11/12",연봉상승률 10% 이상
게임개발,제이레퍼토리,홍보대행사 경영지원업무 및 행정비서 대표자 업무지원 파트,https://www.saramin.co.kr/zf_user/jobs/relay/view?view_type=search&rec_idx=49462245&location=ts&searchword=%EA%B2%8C%EC%9E%84%EA%B0%9C%EB%B0%9C&searchType=search&paid_fl=n&search_uuid=808fed63-265f-4ece-8d8d-272d807ee71f,서울 마포구,경력무관,초대졸↑,"2,500 만원",정규직,~ 12/25(수),"경리, 급여(Payroll), 법인결산, 전표입력, 출납 외                    등록일 24/11/25",유연근무제
게임개발,(주)이지로보틱스,(주)이지로보틱스 연구소 신규 채용,https://www.saramin.co.kr/zf_user/jobs/relay/view?view_type=search&rec_idx=49285532&location=ts&searchword=%EA%B2%8C%EC%9E%84%EA%B0%9C%EB%B0%9C&searchType=search&paid_fl=n&search_uuid=808fed63-265f-4ece-8d8d-272d807ee71f,경기 수원시 영통구,신입,대졸↑,"4,700 만원",정규직,오늘마감,"솔루션, 컴퓨터비전, S/W, 인터페이스, C# 외                    수정일 24/11/05",성과급/상여금
게임개발,주식회사 셀로닉스,주식회사 셀로닉스 기술지원부 SI팀 IT개발 채용,https://www.saramin.co.kr/zf_user/jobs/relay/view?view_type=search&rec_idx=49284869&location=ts&searchword=%EA%B2%8C%EC%9E%84%EA%B0%9C%EB%B0%9C&searchType=search&paid_fl=n&search_uuid=808fed63-265f-4ece-8d8d-272d807ee71f,전북 익산시,경력무관,학력무관,"4,080 만원",정규직,~ 12/27(금),"기술지원, 웹개발, 웹마스터, 유지보수, 정보보안 외                    등록일 24/10/28",IT개발·데이터 지원 급상승
게임개발,㈜피엔에이링크,[큐로드/해운대구] 게임회사 부산지사 게임CS 채용,https://www.saramin.co.kr/zf_user/jobs/relay/view?view_type=search&rec_idx=49499292&location=ts&searchword=%EA%B2%8C%EC%9E%84%EA%B0%9C%EB%B0%9C&searchType=search&paid_fl=n&search_uuid=808fed63-265f-4ece-8d8d-272d807ee71f,부산 해운대구,경력무관,학력무관,212 만원,정규직·기간제,채용시,"게임기획, 서비스기획, 앱기획, 웹기획, CS 외                    등록일 24/11/29",
게임개발,(주)플레이팩토리,[PLAYFACTORY] 게임 패치 관리 업무 (사무직),https://www.saramin.co.kr/zf_user/jobs/relay/view?view_type=search&rec_idx=49491812&location=ts&searchword=%EA%B2%8C%EC%9E%84%EA%B0%9C%EB%B0%9C&searchType=search&paid_fl=n&search_uuid=808fed63-265f-4ece-8d8d-272d807ee71f,경기 성남시 분당구,경력무관,대졸↑,"3,000 만원",정규직,채용시,"QA/테스터, 고객응대, 고객관리, 솔루션업체, 소프트웨어개발 등록일 24/11/29",IT개발·데이터 지원 급상승
게임개발,에스아이디엠,[디자이너 모집] 일러스트레이터 및 편집 디자인 사원 채용,https://www.saramin.co.kr/zf_user/jobs/relay/view?view_type=search&rec_idx=49404928&location=ts&searchword=%EA%B2%8C%EC%9E%84%EA%B0%9C%EB%B0%9C&searchType=search&paid_fl=n&search_uuid=808fed63-265f-4ece-8d8d-272d807ee71f,서울 영등포구,경력무관,학력무관,"2,800 만원",정규직·계약직,~ 12/14(토),"기획, 디자인, 게임디자인, 배너디자인, 브랜드디자인 외                    수정일 24/11/14",인기있는
게임개발,(주)열림커뮤니케이션,게임을 함께 운영하고 관리할 게임운영자(GM)을 모집합니다.,https://www.saramin.co.kr/zf_user/jobs/relay/view?view_type=search&rec_idx=49415172&location=ts&searchword=%EA%B2%8C%EC%9E%84%EA%B0%9C%EB%B0%9C&searchType=search&paid_fl=n&search_uuid=808fed63-265f-4ece-8d8d-272d807ee71f,경기 고양시 덕양구,신입,고졸↑,"3,000 만원",정규직,~ 01/16(목),"기획, GM(게임운영), QA/테스터, 게임기획, 게임기획·마케팅 외                    수정일 24/11/26",IT개발·데이터 스크랩 급상승
게임개발,그로발스타해운(주),해운대리점부 신입사원 모집 (영어or러시아어 필수),https://www.saramin.co.kr/zf_user/jobs/relay/view?view_type=search&rec_idx=49292534&location=ts&searchword=%EA%B2%8C%EC%9E%84%EA%B0%9C%EB%B0%9C&searchType=search&paid_fl=n&search_uuid=ad0186f1-43a6-4398-9a24-b5e32395ca1a,부산 서구,경력무관,대졸↑,"3,700 만원",정규직,~ 12/28(토),"세관, 보세운송, 해상운송, 무역사무원, 포워더 외                    수정일 24/11/29",성과급/상여금
게임개발,주식회사 셀로닉스,주식회사 셀로닉스 기술지원부 MD팀 정규직 채용,https://www.saramin.co.kr/zf_user/jobs/relay/view?view_type=search&rec_idx=49284917&location=ts&searchword=%EA%B2%8C%EC%9E%84%EA%B0%9C%EB%B0%9C&searchType=search&paid_fl=n&search_uuid=ad0186f1-43a6-4398-9a24-b5e32395ca1a,전북 익산시,경력무관,학력무관,"4,080 만원",정규직,~ 12/27(금),"기계설계, 기구설계, 기술설계, 자동화설계, 전기설계 외                    수정일 24/11/21",
게임개발,에이치알컴퍼니(주),"대전 유튜브 쇼츠 영상,기획 편집자 모집합니다. 인턴근무",https://www.saramin.co.kr/zf_user/jobs/relay/view?view_type=search&rec_idx=49493204&location=ts&searchword=%EA%B2%8C%EC%9E%84%EA%B0%9C%EB%B0%9C&searchType=search&paid_fl=n&search_uuid=37602038-1b30-4f5a-ae7a-c2405d16d1b4,대전 유성구,경력무관,초대졸↑,210 만원,계약직·인턴직,~ 12/29(일),"크리에이터, 영상자막, 영상제작, 유튜브, 모션그래픽 외                    수정일 24/11/29",인기있는
게임개발,주식회사 더크리스피,[크리스피] 숏폼 드라마 제작 보조 인턴/아르바이트 채용 공고,https://www.saramin.co.kr/zf_user/jobs/relay/view?view_type=search&rec_idx=49498148&location=ts&searchword=%EA%B2%8C%EC%9E%84%EA%B0%9C%EB%B0%9C&searchType=search&paid_fl=n&search_uuid=37602038-1b30-4f5a-ae7a-c2405d16d1b4,서울 강남구,신입,대졸↑,250 만원,인턴직·아르바이트,채용시,"영화제작, 영어, 촬영, 드라마, 영화 외                    수정일 24/11/29",
게임개발,루키스,교육 컨텐츠 기획자 구인,https://www.saramin.co.kr/zf_user/jobs/relay/view?view_type=search&rec_idx=49480402&location=ts&searchword=%EA%B2%8C%EC%9E%84%EA%B0%9C%EB%B0%9C&searchType=search&paid_fl=n&search_uuid=bafc035c-bd89-416c-af02-5c9361011454,서울 관악구,경력무관,학력무관,"3,200 만원",계약직,채용시,"게임개발, 디자인, 온라인교육, 교육기획, 교육컨텐츠기획 외                    수정일 24/11/27",
게임개발,주식회사 코리아엔터아카데미학원,[코리아엔터아카데미] 연기학원 정규직 사업부  채용,https://www.saramin.co.kr/zf_user/jobs/relay/view?view_type=search&rec_idx=49444536&location=ts&searchword=%EA%B2%8C%EC%9E%84%EA%B0%9C%EB%B0%9C&searchType=search&paid_fl=n&search_uuid=bafc035c-bd89-416c-af02-5c9361011454,서울 강남구,경력무관,초대졸↑,"2,780 만원",정규직,~ 01/20(월),"게임개발, 디자인, 온라인교육, 교육컨설턴트, 영업관리 외                    등록일 24/11/21",교육 조회 급상승
게임개발,(주)아이브이알시스템즈,Unity개발자 모십시다. AR/XR 경험자,https://www.saramin.co.kr/zf_user/jobs/relay/view?view_type=search&rec_idx=49486310&location=ts&searchword=%EA%B2%8C%EC%9E%84%EA%B0%9C%EB%B0%9C&searchType=search&paid_fl=n&search_uuid=bafc035c-bd89-416c-af02-5c9361011454,대전 유성구,경력 3~5년,학력무관,"4,000 만원",정규직,~ 12/28(토),"게임개발, AR(증강현실), AI(인공지능), Unity, Unreal 외                    수정일 24/11/28",
게임개발,에이치알서비스(주),[유명 게임회사] 게임/광고 영상제작 채용,https://www.saramin.co.kr/zf_user/jobs/relay/view?view_type=search&rec_idx=49463656&location=ts&searchword=%EA%B2%8C%EC%9E%84%EA%B0%9C%EB%B0%9C&searchType=search&paid_fl=n&search_uuid=27804684-b035-4fa4-8b95-ffdf25db4306,경기 성남시 분당구,경력무관,초대졸↑,250 만원,무기계약직·계약직,상시채용,"게임개발, 게임개발, 기획, 게임디자인, GM(게임운영) 외                    등록일 24/11/25",
게임개발,㈜그린맨파워,[역삼/중식지원/유명게임사] 게임 QA 채용,https://www.saramin.co.kr/zf_user/jobs/relay/view?view_type=search&rec_idx=49329093&location=ts&searchword=%EA%B2%8C%EC%9E%84%EA%B0%9C%EB%B0%9C&searchType=search&paid_fl=n&search_uuid=27804684-b035-4fa4-8b95-ffdf25db4306,서울 강남구,경력무관,학력무관,233 만원,파견직,~ 12/04(수),"게임개발, 앱개발, 웹개발, 퍼블리셔, GM(게임운영) 외                    수정일 24/11/20",
게임개발,㈜그린맨파워,[인덕원/복지우수] 유명게임사 게임 QA 채용,https://www.saramin.co.kr/zf_user/jobs/relay/view?view_type=search&rec_idx=49462345&location=ts&searchword=%EA%B2%8C%EC%9E%84%EA%B0%9C%EB%B0%9C&searchType=search&paid_fl=n&search_uuid=27804684-b035-4fa4-8b95-ffdf25db4306,경기 안양시 동안구,경력무관,학력무관,220 만원,파견직,~ 12/25(수),"게임개발, GM(게임운영), QA/테스터, 게임기획, MMORPG 외                    등록일 24/11/25",
게임개발,(주)엠제이플렉스,[서울랜드/경력직] 신사업 'BLOOM' 콘텐츠 기획 담당자 채용,https://www.saramin.co.kr/zf_user/jobs/relay/view?view_type=search&rec_idx=49490260&location=ts&searchword=%EA%B2%8C%EC%9E%84%EA%B0%9C%EB%B0%9C&searchType=search&paid_fl=n&search_uuid=27804684-b035-4fa4-8b95-ffdf25db4306,서울 강남구,경력 5~10년,학력무관,"10,000 만원",정규직,~ 12/28(토),"기획, 웹개발, 프로모션기획, SNS, 마케팅기획 외                    등록일 24/11/28",스타트업
게임개발,에이스휴먼파워(주),글로벌 앱 스토어 [앱 개발자 안내 서포트] #영어필수 #메일안내,https://www.saramin.co.kr/zf_user/jobs/relay/view?view_type=search&rec_idx=49465167&location=ts&searchword=%EA%B2%8C%EC%9E%84%EA%B0%9C%EB%B0%9C&searchType=search&paid_fl=n&search_uuid=27804684-b035-4fa4-8b95-ffdf25db4306,서울 용산구,경력무관,고졸↑,"3,132 만원",계약직,~ 12/06(금),"기술지원, 앱개발, 정보보안, 사무직, 문서작성 외                    수정일 24/11/29",워라밸
게임개발,(주)이스트게임즈,정보 보안 엔지니어,https://www.saramin.co.kr/zf_user/jobs/relay/view?view_type=search&rec_idx=49340846&location=ts&searchword=%EA%B2%8C%EC%9E%84%EA%B0%9C%EB%B0%9C&searchType=search&paid_fl=n&search_uuid=418eb710-8284-4a5f-b8d3-e1d90ee93ebe,서울 서초구,경력무관,학력무관,"3,780 만원",정규직,~ 01/04(토),"보안컨설팅, 유지보수, 정보보안, 모의해킹, C# 외                    등록일 24/11/05",IT개발·데이터 스크랩 급상승
앱개발,(주)닥터스바이오텍,[앱개발] 개발자 채용 (경력 모집),https://www.saramin.co.kr/zf_user/jobs/relay/view?view_type=search&rec_idx=49449492&location=ts&searchword=%EC%95%B1%EA%B0%9C%EB%B0%9C&searchType=search&paid_fl=n&search_uuid=f9ec69d1-981e-478b-a78d-2587f925552a,서울 강남구,경력7년↑,대졸↑,"6,000 만원",정규직,~ 12/22(일),"앱개발, 웹개발, 프론트엔드, 백엔드/서버개발, 유지보수 외                    수정일 24/11/22",프리한 복장
앱개발,주식회사에이브노틱스,"[앱개발] 앱 개발자 0명 모집 (신입, 경력)",https://www.saramin.co.kr/zf_user/jobs/relay/view?view_type=search&rec_idx=49317705&location=ts&searchword=%EC%95%B1%EA%B0%9C%EB%B0%9C&searchType=search&paid_fl=n&search_uuid=f9ec69d1-981e-478b-a78d-2587f925552a,서울 서초구,경력무관,대졸↑,"6,000 만원",정규직,오늘마감,"앱개발, API, ECMAScript, iBATIS, JPA 외                    등록일 24/11/01",재택근무
앱개발,컴파이드(주),[앱개발] 소프트웨어 프로그래밍 개발자 채용,https://www.saramin.co.kr/zf_user/jobs/relay/view?view_type=search&rec_idx=49333795&location=ts&searchword=%EC%95%B1%EA%B0%9C%EB%B0%9C&searchType=search&paid_fl=n&search_uuid=f9ec69d1-981e-478b-a78d-2587f925552a,경기 수원시 장안구,경력무관,대졸↑,"3,600 만원",정규직,~ 12/04(수),"앱개발, 프론트엔드, 백엔드/서버개발, 솔루션, 데이터분석가 외                    수정일 24/11/08",IT개발·데이터 조회 급상승
앱개발,라이트비전(주),웹/앱 개발자(Front-end Developer) 채용,https://www.saramin.co.kr/zf_user/jobs/relay/view?view_type=search&rec_idx=49427019&location=ts&searchword=%EC%95%B1%EA%B0%9C%EB%B0%9C&searchType=search&paid_fl=n&search_uuid=ab9fc59d-927c-4b37-857c-e77aba8bd27f,서울 성동구,신입·경력,대졸↑,"3,000 만원",정규직,내일마감,"앱개발, 웹개발, Java, Android, iOS 외                    등록일 24/11/19",급성장중
앱개발,에이스휴먼파워(주),글로벌 앱 스토어 [앱 개발자 안내 서포트] #영어필수 #메일안내,https://www.saramin.co.kr/zf_user/jobs/relay/view?view_type=search&rec_idx=49465167&location=ts&searchword=%EC%95%B1%EA%B0%9C%EB%B0%9C&searchType=search&paid_fl=n&search_uuid=ab9fc59d-927c-4b37-857c-e77aba8bd27f,서울 용산구,경력무관,고졸↑,"3,132 만원",계약직,~ 12/06(금),"앱개발, 기술지원, 정보보안, 사무직, 문서작성 외                    수정일 24/11/29",워라밸
앱개발,(주)매치게이트,신규 프로젝트(웹/앱) 풀스택 개발자 적극 채용,https://www.saramin.co.kr/zf_user/jobs/relay/view?view_type=search&rec_idx=49443904&location=ts&searchword=%EC%95%B1%EA%B0%9C%EB%B0%9C&searchType=search&paid_fl=n&search_uuid=5933e139-a77f-45ca-90f6-e3d8b7d85d90,서울 강남구,경력,학력무관,"3,600 만원",정규직,~ 12/06(금),"앱개발, 웹개발, 프론트엔드, 풀스택, AWS 외                    등록일 24/11/21",IT개발·데이터 지원 급상승
앱개발,(주)에코카우,공덕 (react-native) 앱 개발자 채용,https://www.saramin.co.kr/zf_user/jobs/relay/view?view_type=search&rec_idx=49498543&location=ts&searchword=%EC%95%B1%EA%B0%9C%EB%B0%9C&searchType=search&paid_fl=n&search_uuid=5933e139-a77f-45ca-90f6-e3d8b7d85d90,서울 마포구,경력2년↑,학력무관,"3,600 만원",정규직,~ 12/29(일),"앱개발, Android, 프론트엔드, iOS, 유지보수 외                    등록일 24/11/29",
앱개발,보윙(주),[경력] 웹/앱 개발자 프론트엔드 경력(2~3년차) 모집 - 판교근무,https://www.saramin.co.kr/zf_user/jobs/relay/view?view_type=search&rec_idx=49448289&location=ts&searchword=%EC%95%B1%EA%B0%9C%EB%B0%9C&searchType=search&paid_fl=n&search_uuid=5933e139-a77f-45ca-90f6-e3d8b7d85d90,경기 성남시 수정구,경력2년↑,대졸↑,"3,600 만원",정규직·계약직,~ 12/21(토),"앱개발, 웹개발, 프론트엔드, 백엔드/서버개발, 솔루션 외                    수정일 24/11/22",급성장중
앱개발,토미퓨처(유),백엔드 개발 & 앱 개발자 모집,https://www.saramin.co.kr/zf_user/jobs/relay/view?view_type=search&rec_idx=49361769&location=ts&searchword=%EC%95%B1%EA%B0%9C%EB%B0%9C&searchType=search&paid_fl=n&search_uuid=5933e139-a77f-45ca-90f6-e3d8b7d85d90,경기 남양주시,경력 2~5년,초대졸↑,"3,500 만원",정규직,~ 12/08(일),"앱개발, Android, 백엔드/서버개발, 유지보수, AWS 외                    수정일 24/11/08",
앱개발,(주)라이프플래닝연구소,AI기반 영어학습채팅앱 개발사 정부지원사업 담당자(중장년우대),https://www.saramin.co.kr/zf_user/jobs/relay/view?view_type=search&rec_idx=49461319&location=ts&searchword=%EC%95%B1%EA%B0%9C%EB%B0%9C&searchType=search&paid_fl=n&search_uuid=c448c093-6f29-41cc-b786-95848e0d691e,서울 강남구,경력2년↑,대졸↑,300 만원,계약직,~ 12/09(월),"세무회계, 자금관리, 공공영업, 사업기획, 실적관리 외                    등록일 24/11/25",재택근무
앱개발,소프트웨이(주),"기술을 함께 성장하실 개발자 모집 - 웹, 앱, 모바일, AI",https://www.saramin.co.kr/zf_user/jobs/relay/view?view_type=search&rec_idx=49483444&location=ts&searchword=%EC%95%B1%EA%B0%9C%EB%B0%9C&searchType=search&paid_fl=n&search_uuid=c448c093-6f29-41cc-b786-95848e0d691e,서울 강서구,경력무관,학력무관,"3,000 만원",정규직,~ 12/27(금),"앱개발, 웹개발, Android, S/W, Python 외                    등록일 24/11/27",인기있는
앱개발,(주)웰브릿지,"(주)웰브릿지 APP유지보수 & 개발/ASP, PHP시니어급 개발자 구인",https://www.saramin.co.kr/zf_user/jobs/relay/view?view_type=search&rec_idx=49357966&location=ts&searchword=%EC%95%B1%EA%B0%9C%EB%B0%9C&searchType=search&paid_fl=n&search_uuid=c448c093-6f29-41cc-b786-95848e0d691e,서울 송파구,경력무관,학력무관,"3,600 만원",정규직,~ 12/07(토),"앱개발, 웹개발, 백엔드/서버개발, 유지보수, Javascript 외                    등록일 24/11/07",재택근무
앱개발,(주)코세코,"SW, App 개발자 모집(정규직, 신입/경력)",https://www.saramin.co.kr/zf_user/jobs/relay/view?view_type=search&rec_idx=49165084&location=ts&searchword=%EC%95%B1%EA%B0%9C%EB%B0%9C&searchType=search&paid_fl=n&search_uuid=3e1d3787-9061-42f5-ad5f-820fda3269fa,서울 양천구,신입·경력,대졸↑,"3,500 만원",정규직,~ 12/09(월),"앱개발, 유지보수, 개발PM, 무역업, 수입유통 등록일 24/10/10",성과급/상여금
앱개발,(주)지오앤,주식회사 지오앤 Web/App 개발 분야 모집,https://www.saramin.co.kr/zf_user/jobs/relay/view?view_type=search&rec_idx=49390708&location=ts&searchword=%EC%95%B1%EA%B0%9C%EB%B0%9C&searchType=search&paid_fl=n&search_uuid=3e1d3787-9061-42f5-ad5f-820fda3269fa,경기 고양시 덕양구,경력5년↑,대졸↑,"4,500 만원",정규직,상시채용,"앱개발, 웹개발, Java, 유지보수, 솔루션 외                    등록일 24/11/13",급성장중
앱개발,(주)티업엔조이,WEB/APP 개발자 모집,https://www.saramin.co.kr/zf_user/jobs/relay/view?view_type=search&rec_idx=49412449&location=ts&searchword=%EC%95%B1%EA%B0%9C%EB%B0%9C&searchType=search&paid_fl=n&search_uuid=fb4cdc37-6841-4f2a-9784-ac9e5a33c98c,서울 구로구,경력5년↑,학력무관,"6,000 만원",정규직·계약직,~ 12/15(일),"웹개발, Java, 클라우드, Ajax, HTML 외                    수정일 24/11/18",워라밸
앱개발,(주)디엔오토모티브,2024년 하반기 DN오토모티브 대졸 신입사원 공개채용,https://www.saramin.co.kr/zf_user/jobs/relay/view?view_type=search&rec_idx=49430472&location=ts&searchword=%EC%95%B1%EA%B0%9C%EB%B0%9C&searchType=search&paid_fl=n&search_uuid=fb4cdc37-6841-4f2a-9784-ac9e5a33c98c,경남 양산시,신입,대졸↑,"5,150 만원",정규직,오늘마감,"앱개발, 웹개발, Java, 프론트엔드, 유지보수 외                    수정일 24/11/25",생산 지원 TOP100
앱개발,(주)에스아이티씨로지스틱스코리아,"포워더, 포워딩 /국제물류&항공운송 정규직 채용(신입/경력)",https://www.saramin.co.kr/zf_user/jobs/relay/view?view_type=search&rec_idx=49273374&location=ts&searchword=%EC%95%B1%EA%B0%9C%EB%B0%9C&searchType=search&paid_fl=n&search_uuid=b0c9e9f8-5f26-42cf-bb9a-b7b3967c2004,서울 강서구,신입·경력,초대졸↑,"3,200 만원",정규직,~ 12/24(화),"앱개발, AI(인공지능), 관세사, 관세사무원, 국제무역사 외                    수정일 24/11/26",구매·자재·물류 스크랩 급상승
앱개발,칼주식회사(영업소),[일본근무/CAL주식회사] IT개발자 정사원 채용/ 미경험 신입환영,https://www.saramin.co.kr/zf_user/jobs/relay/view?view_type=search&rec_idx=49348031&location=ts&searchword=%EC%95%B1%EA%B0%9C%EB%B0%9C&searchType=search&paid_fl=n&search_uuid=288f3eab-7ba0-4c1d-878e-3872df760fa9,일본,경력무관,초대졸↑,"3,600 만원",정규직,~ 12/06(금),"앱개발, 웹개발, Java, 백엔드/서버개발, 유지보수 외                    수정일 24/11/20",인기있는
앱개발,(주)모은넷,기술연구소 SW개발자 채용 (JAVA/C#/.NET),https://www.saramin.co.kr/zf_user/jobs/relay/view?view_type=search&rec_idx=49450374&location=ts&searchword=%EC%95%B1%EA%B0%9C%EB%B0%9C&searchType=search&paid_fl=n&search_uuid=288f3eab-7ba0-4c1d-878e-3872df760fa9,경기 수원시 영통구,경력무관,대졸↑,"3,500 만원",정규직,~ 12/22(일),"앱개발, 웹개발, Java, Android, 프론트엔드 외                    수정일 24/11/28",연봉상승률 20% 이상
앱개발,(주)에코카우,"백엔드(Spring Boot + ORM, MySQL) 채용 공고 (핵심 팀원 모집)",https://www.saramin.co.kr/zf_user/jobs/relay/view?view_type=search&rec_idx=49498522&location=ts&searchword=%EC%95%B1%EA%B0%9C%EB%B0%9C&searchType=search&paid_fl=n&search_uuid=288f3eab-7ba0-4c1d-878e-3872df760fa9,서울 마포구,경력무관,학력무관,"3,600 만원",정규직,~ 12/29(일),"앱개발, Android, 프론트엔드, 백엔드/서버개발, 인프라 외                    등록일 24/11/29",인기있는
앱개발,(주)만들다컴퍼니,"지속 성장가능한 개발 인력 모집-Flutter,Python,JAVA,재택가능",https://www.saramin.co.kr/zf_user/jobs/relay/view?view_type=search&rec_idx=49472340&location=ts&searchword=%EC%95%B1%EA%B0%9C%EB%B0%9C&searchType=search&paid_fl=n&search_uuid=288f3eab-7ba0-4c1d-878e-3872df760fa9,경기 안양시 동안구,경력무관,대졸↑,"3,000 만원",정규직,채용시,"앱개발, 웹개발, Java, 백엔드/서버개발, SI개발 외                    수정일 24/11/26",인기있는
앱개발,(주)이지엠앤씨,이지엠앤씨 사무직 신입 & 경력사원 모집,https://www.saramin.co.kr/zf_user/jobs/relay/view?view_type=search&rec_idx=49420714&location=ts&searchword=%EC%95%B1%EA%B0%9C%EB%B0%9C&searchType=search&paid_fl=n&search_uuid=c0756727-b81a-440b-89e1-877310591d64,울산 남구,경력무관,학력무관,203 만원,계약직,~ 12/18(수),"총무, 문서작성, 사무보조, 사무행정, 서류관리 외                    수정일 24/11/29",연봉상승률 10% 이상
