키워드,회사명,제목,링크,지역,경력,학력,연봉,고용형태,마감일,직무분야,연봉정보,등록일
python,(주)만들다컴퍼니,"지속 성장가능한 개발 인력 모집-Flutter,Python,JAVA,재택가능",https://www.saramin.co.kr/zf_user/jobs/relay/view?view_type=search&rec_idx=49472340&location=ts&searchword=python&searchType=search&paid_fl=n&search_uuid=e9d2aba4-58d9-443c-b0d8-ffa2cdb85756,경기 안양시 동안구,경력무관,대졸↑,"3,000 만원",정규직,채용시,"Python, Java, 웹개발, 백엔드/서버개발, 앱개발 외                    수정일 24/11/26",인기있는,수정일 24/11/26
python,(주)니트머스,"[신입/경력] 온라인 광고 플랫폼 개발 (Python, Django)",https://www.saramin.co.kr/zf_user/jobs/relay/view?view_type=search&rec_idx=49214740&location=ts&searchword=python&searchType=search&paid_fl=n&search_uuid=e9d2aba4-58d9-443c-b0d8-ffa2cdb85756,서울 영등포구,신입,초대졸↑,"3,300 만원",정규직,~ 12/16(월),"Python, 웹개발, 백엔드/서버개발, S/W, Django 외                    수정일 24/11/22",IT개발·데이터 스크랩 급상승,수정일 24/11/22
python,(주)씨에스엠17,NestJS+Python 백엔드 개발자 팀장 채용,https://www.saramin.co.kr/zf_user/jobs/relay/view?view_type=search&rec_idx=49328612&location=ts&searchword=python&searchType=search&paid_fl=n&search_uuid=e9d2aba4-58d9-443c-b0d8-ffa2cdb85756,서울 금천구,경력5년↑,대졸↑,"7,000 만원",정규직,오늘마감,"Python, C++, AWS, 웹개발, 백엔드/서버개발 외                    수정일 24/11/04",취업축하금,수정일 24/11/04
python,(주)기가스,"[경력] Payment Service 개발팀 백엔드/Python,Django 정규직",https://www.saramin.co.kr/zf_user/jobs/relay/view?view_type=search&rec_idx=49217419&location=ts&searchword=python&searchType=search&paid_fl=n&search_uuid=e9d2aba4-58d9-443c-b0d8-ffa2cdb85756,대구 수성구,경력4년↑,대졸↑,"6,000 만원",정규직,~ 12/16(월),"Python, 솔루션, 웹개발, 백엔드/서버개발, Django 외                    수정일 24/10/31",IT개발·데이터 조회 급상승,수정일 24/10/31
python,화랑,Vision/MFC/C# Python Tensorflow CUDA yolo v8 개발직,https://www.saramin.co.kr/zf_user/jobs/relay/view?view_type=search&rec_idx=49360095&location=ts&searchword=python&searchType=search&paid_fl=n&search_uuid=ad1daa49-7c4b-4a3e-8a48-460590cd52fe,충남 천안시 동남구,경력무관,초대졸↑,"2,500 만원",정규직,~ 01/07(화),"Python, C++, 솔루션, DBMS, S/W 외                    등록일 24/11/08",프리한 복장,등록일 24/11/08
python,한단제어기술,"PC 제어프로그래머 (C, C++, C#, Python)",https://www.saramin.co.kr/zf_user/jobs/relay/view?view_type=search&rec_idx=49335326&location=ts&searchword=python&searchType=search&paid_fl=n&search_uuid=ad1daa49-7c4b-4a3e-8a48-460590cd52fe,경기 안양시 동안구,경력무관,대졸↑,"4,500 만원",정규직,~ 12/05(목),"Python, C++, SE(시스템엔지니어), 라즈베리파이, 로봇엔지니어 외                    등록일 24/11/05",마감임박,등록일 24/11/05
python,더조은컴퓨터아카데미종로,"[NCS 훈련교사] 빅데이터(파이썬)엘러스틱서치,자바웹 전문강사",https://www.saramin.co.kr/zf_user/jobs/relay/view?view_type=search&rec_idx=49408730&location=ts&searchword=python&searchType=search&paid_fl=n&search_uuid=f914487d-6a4f-4f25-9d39-7918ce15f74d,서울 종로구,경력무관,학력무관,"9,860 원",기간제·계약직,~ 12/15(일),"직업훈련, 컴퓨터교육, 훈련교사, IT학원 등록일 24/11/15",,등록일 24/11/15
python,다산팩 주식회사,데이터 분석팀 - 데이터 분석가 채용,https://www.saramin.co.kr/zf_user/jobs/relay/view?view_type=search&rec_idx=49423318&location=ts&searchword=python&searchType=search&paid_fl=n&search_uuid=d191680b-2231-425a-a833-f6b389ef4d74,서울 송파구,경력무관,대졸↑,"3,500 만원",정규직,~ 12/18(수),"Python, 데이터시각화, 빅데이터, 더존, 경영지원 외                    등록일 24/11/18",회계·세무·재무 지원 급상승,등록일 24/11/18
python,칼주식회사(영업소),[일본근무/CAL주식회사] IT개발자 정사원 채용/ 미경험 신입환영,https://www.saramin.co.kr/zf_user/jobs/relay/view?view_type=search&rec_idx=49348031&location=ts&searchword=python&searchType=search&paid_fl=n&search_uuid=d191680b-2231-425a-a833-f6b389ef4d74,일본,경력무관,초대졸↑,"3,600 만원",정규직,~ 12/06(금),"Python, C++, Java, 솔루션, 웹개발 외                    수정일 24/11/20",IT개발·데이터 스크랩 급상승,수정일 24/11/20
python,(주)더원테크,빅데이터 와 인공지능 AI 프로그램 개발자 모십니다.,https://www.saramin.co.kr/zf_user/jobs/relay/view?view_type=search&rec_idx=49458875&location=ts&searchword=python&searchType=search&paid_fl=n&search_uuid=d191680b-2231-425a-a833-f6b389ef4d74,서울 금천구,경력무관,대졸↑,"3,000 만원",정규직,~ 12/24(화),"Python, Java, 딥러닝, 머신러닝, 데이터분석가 외                    등록일 24/11/24",IT개발·데이터 지원 급상승,등록일 24/11/24
python,(주)이스트게임즈,DevOps 엔지니어,https://www.saramin.co.kr/zf_user/jobs/relay/view?view_type=search&rec_idx=49340860&location=ts&searchword=python&searchType=search&paid_fl=n&search_uuid=532ae883-4b0c-498a-9f38-1e2b55138cc3,서울 서초구,경력무관,학력무관,"4,440 만원",정규직,~ 01/04(토),"Python, AWS, Linux, 기술지원, SE(시스템엔지니어) 외                    수정일 24/11/12",IT개발·데이터 조회 급상승,수정일 24/11/12
python,엠클라우드브리지(주),MS 데이터엔지니어(Fabric/ML) 채용,https://www.saramin.co.kr/zf_user/jobs/relay/view?view_type=search&rec_idx=49358779&location=ts&searchword=python&searchType=search&paid_fl=n&search_uuid=4f98c424-ba5e-4e4f-a4b2-7e2b3683358f,서울 강남구,경력무관,학력무관,"3,700 만원",정규직,~ 12/07(토),"Python, 머신러닝, 데이터분석가, 데이터엔지니어, 데이터시각화 외                    등록일 24/11/07",IT개발·데이터 스크랩 급상승,등록일 24/11/07
python,(주)지피티코리아,"생성형AI기반 웹서비스 개발자 채용 - Next.js, React (신입)",https://www.saramin.co.kr/zf_user/jobs/relay/view?view_type=search&rec_idx=49376887&location=ts&searchword=python&searchType=search&paid_fl=n&search_uuid=4f98c424-ba5e-4e4f-a4b2-7e2b3683358f,서울 금천구,신입,대졸↑,"3,500 만원",정규직,~ 12/11(수),"Python, 솔루션, 웹개발, 프론트엔드, 반응형웹 외                    등록일 24/11/11",기획·전략 지원 급상승,등록일 24/11/11
python,왓트(주),Watt 개발 전문인력 모집,https://www.saramin.co.kr/zf_user/jobs/relay/view?view_type=search&rec_idx=49403249&location=ts&searchword=python&searchType=search&paid_fl=n&search_uuid=4f98c424-ba5e-4e4f-a4b2-7e2b3683358f,서울 서초구,경력무관,학력무관,"6,500 만원",정규직,상시채용,"Python, Java, AWS, 머신러닝, 알고리즘 외                    등록일 24/11/14",,등록일 24/11/14
python,소프트웨어재난연구센터,2024년 소프트웨어재난연구센터 연구원 채용공고,https://www.saramin.co.kr/zf_user/jobs/relay/view?view_type=search&rec_idx=49474035&location=ts&searchword=python&searchType=search&paid_fl=n&search_uuid=4f98c424-ba5e-4e4f-a4b2-7e2b3683358f,대구 북구,경력무관,대졸↑,"4,000 만원",계약직,~ 12/26(목),"Python, C++, Java, Linux, S/W 외                    등록일 24/11/26",,등록일 24/11/26
python,(주)스페이스케이,[주식회사 스페이스케이] it 분야 신입/경력 직원 채용,https://www.saramin.co.kr/zf_user/jobs/relay/view?view_type=search&rec_idx=49511813&location=ts&searchword=python&searchType=search&paid_fl=n&search_uuid=4f98c424-ba5e-4e4f-a4b2-7e2b3683358f,전북 전주시 덕진구,경력무관,대졸↑,"3,000 만원",정규직,~ 01/31(금),"Python, 임베디드, S/W, 아두이노, 교육운영 외                    수정일 24/12/02",자유로운 연차,수정일 24/12/02
python,프리베노틱스(주),의료 영상기반 AI 알고리즘 개발 R&D팀 채용,https://www.saramin.co.kr/zf_user/jobs/relay/view?view_type=search&rec_idx=49300101&location=ts&searchword=python&searchType=search&paid_fl=n&search_uuid=4f98c424-ba5e-4e4f-a4b2-7e2b3683358f,서울 서초구,경력무관,대졸↑,"4,000 만원",정규직,채용시,"Python, C++, 딥러닝, 솔루션, 머신러닝 외                    수정일 24/10/30",연구·R&D 조회 급상승,수정일 24/10/30
python,(주)이스트게임즈,[신입] 캐주얼 전략액션 클라이언트/모바일 실시간전략게임 서버,https://www.saramin.co.kr/zf_user/jobs/relay/view?view_type=search&rec_idx=49340879&location=ts&searchword=python&searchType=search&paid_fl=n&search_uuid=2194a015-7ff2-4c62-af25-aa34ee29964e,서울 서초구,신입,학력무관,"4,440 만원",정규직,~ 01/04(토),"Python, C++, Java, Linux, 웹개발 외                    수정일 24/12/03",IT개발·데이터 지원 급상승,수정일 24/12/03
python,이엠솔루션,"[신입사원/유연근무] S/W(PMS, PDM/PLM, QMS)엔지니어 채용공고",https://www.saramin.co.kr/zf_user/jobs/relay/view?view_type=search&rec_idx=49291224&location=ts&searchword=python&searchType=search&paid_fl=n&search_uuid=2194a015-7ff2-4c62-af25-aa34ee29964e,경남 창원시,경력무관,대졸↑,"3,000 만원",정규직,~ 12/28(토),"Python, C++, Java, AWS, 솔루션 외                    등록일 24/10/29",생산 지원 급상승,등록일 24/10/29
python,엠클라우드브리지(주),소프트웨어 엔지니어(Application Engineer) 채용,https://www.saramin.co.kr/zf_user/jobs/relay/view?view_type=search&rec_idx=49358774&location=ts&searchword=python&searchType=search&paid_fl=n&search_uuid=2194a015-7ff2-4c62-af25-aa34ee29964e,서울 강남구,신입·경력,학력무관,"3,700 만원",정규직,~ 12/07(토),"Python, Java, 솔루션, 기술지원, 데이터분석가 외                    등록일 24/11/07",급성장중,등록일 24/11/07
python,소프트웨이(주),"기술을 함께 성장하실 개발자 모집 - 웹, 앱, 모바일, AI",https://www.saramin.co.kr/zf_user/jobs/relay/view?view_type=search&rec_idx=49483444&location=ts&searchword=python&searchType=search&paid_fl=n&search_uuid=cc793ad7-7e76-462b-9ecf-a4f7eb17d816,서울 강서구,경력무관,학력무관,"3,000 만원",정규직,~ 12/27(금),"Python, 웹개발, 앱개발, S/W, Android 외                    등록일 24/11/27",IT개발·데이터 지원 급상승,등록일 24/11/27
python,(주)포스로직,"이미지 프로세싱 알고리즘 라이브러리(2D,3D,AI 딥러닝) 개발 신입 채용",https://www.saramin.co.kr/zf_user/jobs/relay/view?view_type=search&rec_idx=49386840&location=ts&searchword=python&searchType=search&paid_fl=n&search_uuid=cc793ad7-7e76-462b-9ecf-a4f7eb17d816,경기 안양시,신입,대졸↑,"4,550 만원",정규직,~ 12/12(목),"C++, 딥러닝, 솔루션, 머신러닝, 웹개발 외                    수정일 24/11/13",취업축하금,수정일 24/11/13
python,진스토리코리아(주),[신입모집] 진스토리코리아 연구소 및 경영지원팀 신입사원 모집,https://www.saramin.co.kr/zf_user/jobs/relay/view?view_type=search&rec_idx=49349481&location=ts&searchword=python&searchType=search&paid_fl=n&search_uuid=cc793ad7-7e76-462b-9ecf-a4f7eb17d816,서울 금천구,경력무관,학력무관,"2,600 만원",정규직·계약직,~ 12/06(금),"사무직, 문서작성, 비품관리, 사무보조, 사무행정 외                    수정일 24/11/07",인기있는,수정일 24/11/07
c언어,(주)아이브이티,"대구 자동화설비 제어 엔지니어 모집 C언어, Labview, SECS/GEM",https://www.saramin.co.kr/zf_user/jobs/relay/view?view_type=search&rec_idx=49408592&location=ts&searchword=c%EC%96%B8%EC%96%B4&searchType=search&paid_fl=n&search_uuid=8afbdcf9-2fd6-4449-a7dd-33147d3c07d8,대구 북구,경력무관,초대졸↑,"2,760 만원",정규직,~ 12/15(일),"시료분석, 제품설계, 기계설계, 자동화설계, 자동제어 외                    수정일 24/11/15",급성장중,수정일 24/11/15
c언어,(주)티에스씨테크놀러지,C언어 및 그 위 프로그래밍 언어 전문가,https://www.saramin.co.kr/zf_user/jobs/relay/view?view_type=search&rec_idx=49309753&location=ts&searchword=c%EC%96%B8%EC%96%B4&searchType=search&paid_fl=n&search_uuid=8afbdcf9-2fd6-4449-a7dd-33147d3c07d8,경기 안산시 단원구,경력 1~2년,고졸↑,"3,800 만원",정규직,~ 12/30(월),"R&D, 자동제어 등록일 24/10/31",스타트업,등록일 24/10/31
c언어,(주)이지스,3차원 시각화 연구&개발 채용(부산 기술 연구소),https://www.saramin.co.kr/zf_user/jobs/relay/view?view_type=search&rec_idx=49436688&location=ts&searchword=c%EC%96%B8%EC%96%B4&searchType=search&paid_fl=n&search_uuid=e9e4d9bf-932c-41ea-8f45-474593c48383,부산 해운대구,경력무관,학력무관,"3,500 만원",정규직,~ 12/31(화),"C언어, C++, C#, 솔루션, 게임개발 외                    등록일 24/11/20",IT개발·데이터 지원 급상승,등록일 24/11/20
c언어,유일에너테크(주),유일에너테크(주) 선행개발1팀 신입 채용,https://www.saramin.co.kr/zf_user/jobs/relay/view?view_type=search&rec_idx=49408253&location=ts&searchword=c%EC%96%B8%EC%96%B4&searchType=search&paid_fl=n&search_uuid=b531b0a2-3152-4d62-a1ba-dd52b86f3572,경기 안성시,경력무관,대졸↑,"3,800 만원",정규직,~ 12/15(일),"C언어, C++, C#, Java, 설계엔지니어 외                    등록일 24/11/15",급성장중,등록일 24/11/15
c언어,(주)비트리,(신입가능) RTL 설계 Engineer 채용,https://www.saramin.co.kr/zf_user/jobs/relay/view?view_type=search&rec_idx=49379204&location=ts&searchword=c%EC%96%B8%EC%96%B4&searchType=search&paid_fl=n&search_uuid=ce875de1-b0ce-4d51-92ab-b2c6af00bc96,경기 성남시 분당구,경력무관,대졸↑,"4,300 만원",정규직,~ 12/31(화),"C언어, 펌웨어, FAE, 영상처리, R&D 외                    등록일 24/11/11",인기있는,등록일 24/11/11
c언어,프리베노틱스(주),의료 영상기반 AI 알고리즘 개발 R&D팀 채용,https://www.saramin.co.kr/zf_user/jobs/relay/view?view_type=search&rec_idx=49300101&location=ts&searchword=c%EC%96%B8%EC%96%B4&searchType=search&paid_fl=n&search_uuid=ce875de1-b0ce-4d51-92ab-b2c6af00bc96,서울 서초구,경력무관,대졸↑,"4,000 만원",정규직,채용시,"C언어, C++, Python, Linux, 알고리즘 외                    수정일 24/10/30",연구·R&D 조회 급상승,수정일 24/10/30
c언어,대동하이렉스(주),자동차부품(Door Module) 선행생산기술팀  채용,https://www.saramin.co.kr/zf_user/jobs/relay/view?view_type=search&rec_idx=49331272&location=ts&searchword=c%EC%96%B8%EC%96%B4&searchType=search&paid_fl=n&search_uuid=60a40c6c-e6be-439d-8220-7949f1ec1e37,인천 남동구,신입·경력,대졸↑,"4,500 만원",정규직,내일마감,"기계설계, 기구설계, 전자제어, 자동화라인, 전기기사 외                    등록일 24/11/04",건설·건축 스크랩 급상승,등록일 24/11/04
c언어,(주)져스텍,(주)져스텍 연구소 신입/경력사원 모집 공고(Software Engineer),https://www.saramin.co.kr/zf_user/jobs/relay/view?view_type=search&rec_idx=49263722&location=ts&searchword=c%EC%96%B8%EC%96%B4&searchType=search&paid_fl=n&search_uuid=60a40c6c-e6be-439d-8220-7949f1ec1e37,경기 평택시,경력무관,대졸↑,"4,000 만원",정규직·무기계약직,상시채용,"로봇엔지니어, 연구원, R&D, 기술연구, 로봇설계 외                    등록일 24/10/24",연봉상승률 10% 이상,등록일 24/10/24
c언어,네오리플렉션,응용 소프트웨어 개발 엔지니어 모집 (신입/경력),https://www.saramin.co.kr/zf_user/jobs/relay/view?view_type=search&rec_idx=49496015&location=ts&searchword=c%EC%96%B8%EC%96%B4&searchType=search&paid_fl=n&search_uuid=743b975b-64a2-4fed-9a7c-2ad30b02027f,대전 서구,경력무관,대졸↑,"3,000 만원",정규직,~ 01/28(화),"C언어, S/W, 임베디드, 알고리즘, 네트워크 외                    수정일 24/11/29",,수정일 24/11/29
c언어,(주)케이씨텍,[전문연구요원] 반도체 장비 제어 SW 개발(병역특례),https://www.saramin.co.kr/zf_user/jobs/relay/view?view_type=search&rec_idx=49198426&location=ts&searchword=c%EC%96%B8%EC%96%B4&searchType=search&paid_fl=n&search_uuid=bbf37e2e-a446-4ae7-b2ce-e4925e36e5fa,경기 화성시,신입,석사↑,"4,650 만원",정규직·전문연구요원,~ 12/14(토),"C언어, C++, C#, 알고리즘, 장비제어 외                    등록일 24/10/15",성과급/상여금,등록일 24/10/15
c언어,(주)그린텍시스템,제어프로그램 개발자(C·C++&C# 외 1개 부문) 채용,https://www.saramin.co.kr/zf_user/jobs/relay/view?view_type=search&rec_idx=49454722&location=ts&searchword=c%EC%96%B8%EC%96%B4&searchType=search&paid_fl=n&search_uuid=430f1e03-b6ff-49a8-9bd4-3f6e59cc846b,경기 수원시 권선구,신입·경력,대졸↑,"3,800 만원",정규직,~ 12/08(일),"C언어, C++, C#, VisualC·C++, Micom 외                    등록일 24/11/22",IT개발·데이터 조회 급상승,등록일 24/11/22
c%2B%2B,(주)그린텍시스템,제어프로그램 개발자(C·C++&C# 외 1개 부문) 채용,https://www.saramin.co.kr/zf_user/jobs/relay/view?view_type=search&rec_idx=49454722&location=ts&searchword=c%2B%2B&searchType=search&paid_fl=n&search_uuid=f3dbc07e-7b5e-4e92-a7b4-f5fe28d6deb0,경기 수원시 권선구,신입·경력,대졸↑,"3,800 만원",정규직,~ 12/08(일),"VisualC·C++, C++, C#, C언어, Micom 외                    등록일 24/11/22",IT개발·데이터 조회 급상승,등록일 24/11/22
c%2B%2B,비앤에프테크놀로지㈜,[시차출퇴근제] 소프트웨어(C++) 개발 모집 (신입/경력),https://www.saramin.co.kr/zf_user/jobs/relay/view?view_type=search&rec_idx=49483894&location=ts&searchword=c%2B%2B&searchType=search&paid_fl=n&search_uuid=f3dbc07e-7b5e-4e92-a7b4-f5fe28d6deb0,대전 유성구,경력무관,초대졸↑,"3,270 만원",정규직,~ 12/27(금),"C++, C#, Linux, 솔루션, 웹개발 외                    등록일 24/11/27",유연근무제,등록일 24/11/27
c%2B%2B,(주)에이스엔,"소프트웨어 개발자( C, C++, C#, MFC )",https://www.saramin.co.kr/zf_user/jobs/relay/view?view_type=search&rec_idx=49342578&location=ts&searchword=c%2B%2B&searchType=search&paid_fl=n&search_uuid=fb76f04f-25c6-4e03-a1ff-7f3875f3fff6,경기 수원시 영통구,경력 3~10년,학력무관,"6,000 만원",정규직·계약직,상시채용,"C++, C#, S/W, MFC, 솔루션 외                    등록일 24/11/05",,등록일 24/11/05
c%2B%2B,㈜이씨마이너,연구소 빅데이터분석/AI솔루션개발자/ Visual C++ 개발자 모집,https://www.saramin.co.kr/zf_user/jobs/relay/view?view_type=search&rec_idx=49421753&location=ts&searchword=c%2B%2B&searchType=search&paid_fl=n&search_uuid=fb76f04f-25c6-4e03-a1ff-7f3875f3fff6,서울 강남구,경력무관,대졸↑,"3,500 만원",정규직,~ 01/17(금),"C++, C언어, Java, Windows, R 외                    등록일 24/11/18",스타트업,등록일 24/11/18
c%2B%2B,(주)자이크론,"Qt, C++ 신입/경력 개발자 모집",https://www.saramin.co.kr/zf_user/jobs/relay/view?view_type=search&rec_idx=49434812&location=ts&searchword=c%2B%2B&searchType=search&paid_fl=n&search_uuid=fb76f04f-25c6-4e03-a1ff-7f3875f3fff6,서울 구로구,신입·경력,초대졸↑,"3,100 만원",정규직,채용시,"C++, S/W, MFC, C언어, Linux 외                    등록일 24/11/20",연봉상승률 15% 이상,등록일 24/11/20
c%2B%2B,한단제어기술,"PC 제어프로그래머 (C, C++, C#, Python)",https://www.saramin.co.kr/zf_user/jobs/relay/view?view_type=search&rec_idx=49335326&location=ts&searchword=c%2B%2B&searchType=search&paid_fl=n&search_uuid=054ba4cf-68a4-4ba1-8fc0-06ac10e66783,경기 안양시 동안구,경력무관,대졸↑,"4,500 만원",정규직,~ 12/05(목),"C++, C#, Python, SE(시스템엔지니어), 라즈베리파이 외                    등록일 24/11/05",마감임박,등록일 24/11/05
c%2B%2B,(주)제넥,"LabView (랩뷰) , C, C++ 프로그래머 신입/경력사원 모집",https://www.saramin.co.kr/zf_user/jobs/relay/view?view_type=search&rec_idx=49163198&location=ts&searchword=c%2B%2B&searchType=search&paid_fl=n&search_uuid=054ba4cf-68a4-4ba1-8fc0-06ac10e66783,경남 창원시,경력무관,초대졸↑,"3,650 만원",정규직,채용시,"기술엔지니어, 자동제어, 계측제어, 주간근무, Microprocessor 외                    수정일 24/12/02",성과급/상여금,수정일 24/12/02
c%2B%2B,칼주식회사(영업소),[일본근무/CAL주식회사] IT개발자 정사원 채용/ 미경험 신입환영,https://www.saramin.co.kr/zf_user/jobs/relay/view?view_type=search&rec_idx=49348031&location=ts&searchword=c%2B%2B&searchType=search&paid_fl=n&search_uuid=7469e2ee-1ee9-4b15-a25d-c161cfe9ac36,일본,경력무관,초대졸↑,"3,600 만원",정규직,~ 12/06(금),"C++, C#, 유지보수, Python, Java 외                    수정일 24/11/20",IT개발·데이터 스크랩 급상승,수정일 24/11/20
c%2B%2B,(주)모은넷,기술연구소 SW개발자 채용 (JAVA/C#/.NET),https://www.saramin.co.kr/zf_user/jobs/relay/view?view_type=search&rec_idx=49450374&location=ts&searchword=c%2B%2B&searchType=search&paid_fl=n&search_uuid=7469e2ee-1ee9-4b15-a25d-c161cfe9ac36,경기 수원시 영통구,경력무관,대졸↑,"3,500 만원",정규직,~ 12/22(일),"C++, C#, S/W, 유지보수, Linux 외                    수정일 24/12/02",IT개발·데이터 스크랩 급상승,수정일 24/12/02
c%2B%2B,(주)이지스,3차원 시각화 연구&개발 채용(부산 기술 연구소),https://www.saramin.co.kr/zf_user/jobs/relay/view?view_type=search&rec_idx=49436688&location=ts&searchword=c%2B%2B&searchType=search&paid_fl=n&search_uuid=c93f8575-73bb-4986-bbd9-3b9c839cdc6e,부산 해운대구,경력무관,학력무관,"3,500 만원",정규직,~ 12/31(화),"VisualC·C++, C++, C#, MFC, C언어 외                    등록일 24/11/20",IT개발·데이터 지원 급상승,등록일 24/11/20
c%2B%2B,(주)이포즌,[(주)이포즌]솔루션 운영 및 기술지원 신입/경력사원 모집,https://www.saramin.co.kr/zf_user/jobs/relay/view?view_type=search&rec_idx=49490634&location=ts&searchword=c%2B%2B&searchType=search&paid_fl=n&search_uuid=c93f8575-73bb-4986-bbd9-3b9c839cdc6e,서울 성동구,신입·경력,대졸↑,"3,345 만원",정규직·인턴직,내일마감,"C++, 유지보수, Java, 솔루션, 기술지원 외                    등록일 24/11/28",연봉상승률 10% 이상,등록일 24/11/28
c%2B%2B,(주)쓰리디랩스,(주) 쓰리디랩스 2024년 하반기 기술직군 신입/경력직 공채,https://www.saramin.co.kr/zf_user/jobs/relay/view?view_type=search&rec_idx=49469128&location=ts&searchword=c%2B%2B&searchType=search&paid_fl=n&search_uuid=c93f8575-73bb-4986-bbd9-3b9c839cdc6e,서울 영등포구,경력무관,대졸↑,"4,080 만원",정규직,~ 12/10(화),"C++, C#, 영상처리, 유지보수, Linux 외                    수정일 24/11/27",인기있는,수정일 24/11/27
c%2B%2B,주식회사 셀로닉스,주식회사 셀로닉스 기술지원부 SI팀 IT개발 채용,https://www.saramin.co.kr/zf_user/jobs/relay/view?view_type=search&rec_idx=49284869&location=ts&searchword=c%2B%2B&searchType=search&paid_fl=n&search_uuid=c93f8575-73bb-4986-bbd9-3b9c839cdc6e,전북 익산시,경력무관,학력무관,"4,080 만원",정규직,~ 12/27(금),"C++, C#, S/W, 유지보수, Java 외                    등록일 24/10/28",IT개발·데이터 조회 급상승,등록일 24/10/28
c%2B%2B,(주)포스로직,"이미지 프로세싱 알고리즘 라이브러리(2D,3D,AI 딥러닝) 개발 신입 채용",https://www.saramin.co.kr/zf_user/jobs/relay/view?view_type=search&rec_idx=49386840&location=ts&searchword=c%2B%2B&searchType=search&paid_fl=n&search_uuid=fe308efd-ba39-4615-8431-cfea8feeb588,경기 안양시,신입,대졸↑,"4,550 만원",정규직,~ 12/12(목),"C++, MFC, 알고리즘, 영상처리, 솔루션 외                    수정일 24/11/13",취업축하금,수정일 24/11/13
c%2B%2B,나이스평가정보(주),[NICE평가정보] 개발자 경력직 채용,https://www.saramin.co.kr/zf_user/jobs/relay/view?view_type=search&rec_idx=49351274&location=ts&searchword=c%2B%2B&searchType=search&paid_fl=n&search_uuid=dc809971-1c11-4b74-a525-a80a2928550c,서울 영등포구,경력3년↑,초대졸↑,"6,000 만원",기간제·계약직,~ 12/07(토),"C++, C#, 유지보수, Java, 백엔드/서버개발 외                    수정일 24/11/07",인기있는,수정일 24/11/07
c%2B%2B,디에스주식회사,디에스(DEEPSEERS) 경력/신입 개발자 채용 공고,https://www.saramin.co.kr/zf_user/jobs/relay/view?view_type=search&rec_idx=49506060&location=ts&searchword=c%2B%2B&searchType=search&paid_fl=n&search_uuid=dc809971-1c11-4b74-a525-a80a2928550c,서울 마포구,신입·경력,대졸↑,"3,600 만원",정규직,~ 12/31(화),"C++, C#, S/W, 영상처리, WPF 외                    등록일 24/12/02",인기있는,등록일 24/12/02
c%2B%2B,(주)이스트게임즈,[신입] 캐주얼 전략액션 클라이언트/모바일 실시간전략게임 서버,https://www.saramin.co.kr/zf_user/jobs/relay/view?view_type=search&rec_idx=49340879&location=ts&searchword=c%2B%2B&searchType=search&paid_fl=n&search_uuid=dc809971-1c11-4b74-a525-a80a2928550c,서울 서초구,신입,학력무관,"4,440 만원",정규직,~ 01/04(토),"C++, C#, Python, Linux, Java 외                    수정일 24/12/03",IT개발·데이터 지원 급상승,수정일 24/12/03
c%2B%2B,(주)맑은샘파트너스,[신입] 웹 및 소프트웨어 개발자 채용 (센텀),https://www.saramin.co.kr/zf_user/jobs/relay/view?view_type=search&rec_idx=49164517&location=ts&searchword=c%2B%2B&searchType=search&paid_fl=n&search_uuid=007de2a0-59c3-4f74-a75f-3f342962986c,부산 해운대구,신입,대졸↑,"3,000 만원",정규직,~ 12/09(월),"C++, C#, 앱개발, 웹개발, .NET 외                    등록일 24/10/10",IT개발·데이터 지원 급상승,등록일 24/10/10
c%2B%2B,(주)드림테크,"[웹개발, MES] 스마트팩토리 솔루션 신입 개발자 모집",https://www.saramin.co.kr/zf_user/jobs/relay/view?view_type=search&rec_idx=49490152&location=ts&searchword=c%2B%2B&searchType=search&paid_fl=n&search_uuid=007de2a0-59c3-4f74-a75f-3f342962986c,전남 목포시,경력무관,학력무관,"3,000 만원",정규직,~ 12/31(화),"C++, C#, Java, 솔루션, 웹개발 외                    등록일 24/11/28",인기있는,등록일 24/11/28
c%2B%2B,유일에너테크(주),유일에너테크(주) 선행개발1팀 신입 채용,https://www.saramin.co.kr/zf_user/jobs/relay/view?view_type=search&rec_idx=49408253&location=ts&searchword=c%2B%2B&searchType=search&paid_fl=n&search_uuid=007de2a0-59c3-4f74-a75f-3f342962986c,경기 안성시,경력무관,대졸↑,"3,800 만원",정규직,~ 12/15(일),"C++, C#, C언어, Java, 설계엔지니어 외                    등록일 24/11/15",급성장중,등록일 24/11/15
c%2B%2B,(주)래딕스,PC 제어 프로그래머(FA) 채용공고 경력 채용,https://www.saramin.co.kr/zf_user/jobs/relay/view?view_type=search&rec_idx=49505596&location=ts&searchword=c%2B%2B&searchType=search&paid_fl=n&search_uuid=69550d4f-4e6f-4009-b6cf-1029905e67c7,대구 달성군,경력 5~15년,초대졸↑,"5,500 만원",정규직,~ 01/01(수),"VisualC·C++, C++, C#, MFC, 유지보수 외                    등록일 24/12/02",,등록일 24/12/02
c%2B%2B,(주)팜아이앤씨,웹 개발자 모집,https://www.saramin.co.kr/zf_user/jobs/relay/view?view_type=search&rec_idx=49191558&location=ts&searchword=c%2B%2B&searchType=search&paid_fl=n&search_uuid=69550d4f-4e6f-4009-b6cf-1029905e67c7,경남 양산시,신입,대졸↑,"4,300 만원",정규직,채용시,"C++, C#, Linux, 백엔드/서버개발, 웹개발 외                    수정일 24/10/31",IT개발·데이터 지원 급상승,수정일 24/10/31
c%2B%2B,이엠솔루션,"[신입사원/유연근무] S/W(PMS, PDM/PLM, QMS)엔지니어 채용공고",https://www.saramin.co.kr/zf_user/jobs/relay/view?view_type=search&rec_idx=49291224&location=ts&searchword=c%2B%2B&searchType=search&paid_fl=n&search_uuid=69550d4f-4e6f-4009-b6cf-1029905e67c7,경남 창원시,경력무관,대졸↑,"3,000 만원",정규직,~ 12/28(토),"C++, C#, 유지보수, Python, Java 외                    등록일 24/10/29",생산 지원 급상승,등록일 24/10/29
C,경희대학교 산학협력단,산학협력단 사무국 경영지원팀(서울C) 부서계약직 채용공고,https://www.saramin.co.kr/zf_user/jobs/relay/view?view_type=search&rec_idx=49464991&location=ts&searchword=C&searchType=search&paid_fl=n&search_uuid=234507e6-c6cd-40ec-8917-6d34f4362634,서울 동대문구,경력무관,대졸↑,"3,150 만원",기간제·계약직,~ 12/15(일),"HRM, 인사, 인사행정, 채용담당자, 인력관리 외                    수정일 24/11/25",,수정일 24/11/25
C,(주)그린텍시스템,제어프로그램 개발자(C·C++&C# 외 1개 부문) 채용,https://www.saramin.co.kr/zf_user/jobs/relay/view?view_type=search&rec_idx=49454722&location=ts&searchword=C&searchType=search&paid_fl=n&search_uuid=234507e6-c6cd-40ec-8917-6d34f4362634,경기 수원시 권선구,신입·경력,대졸↑,"3,800 만원",정규직,~ 12/08(일),"C언어, VisualC·C++, C#, C++, Micom 외                    등록일 24/11/22",IT개발·데이터 조회 급상승,등록일 24/11/22
C,(주)아이브이티,"대구 자동화설비 제어 엔지니어 모집 C언어, Labview, SECS/GEM",https://www.saramin.co.kr/zf_user/jobs/relay/view?view_type=search&rec_idx=49408592&location=ts&searchword=C&searchType=search&paid_fl=n&search_uuid=234507e6-c6cd-40ec-8917-6d34f4362634,대구 북구,경력무관,초대졸↑,"2,760 만원",정규직,~ 12/15(일),"PLC, 자동화설계, 자동제어, 전기제어, 기계설계 외                    수정일 24/11/15",급성장중,수정일 24/11/15
C,(주)에이치엔아이컴퍼니,(정규직) 업소용 전자제품 B2B/B2C 영업사원 채용공고,https://www.saramin.co.kr/zf_user/jobs/relay/view?view_type=search&rec_idx=49511225&location=ts&searchword=C&searchType=search&paid_fl=n&search_uuid=234507e6-c6cd-40ec-8917-6d34f4362634,경남 양산시,경력무관,고졸↑,207 만원,정규직,~ 01/01(수),"B2C, 영업, 기술영업, 영업관리, 영업직 외                    수정일 24/12/02",,수정일 24/12/02
C,(주)한국정보보안기술원,C평가인증/소프트웨어 시험/정보안 분야 신입 채용함.,https://www.saramin.co.kr/zf_user/jobs/relay/view?view_type=search&rec_idx=49409480&location=ts&searchword=C&searchType=search&paid_fl=n&search_uuid=82292582-2106-48e9-81ea-e572564602a2,서울 서초구,신입,대졸↑,"3,300 만원",정규직,~ 01/14(화),"ISMS, GCP, CISO, Docker, 정보보안 외                    등록일 24/11/15",IT개발·데이터 조회 급상승,등록일 24/11/15
C,(주)키스템프그룹,[여의도/3개월단기/주간야간] 외국계기업 엘리베이터 고장접수 C,https://www.saramin.co.kr/zf_user/jobs/relay/view?view_type=search&rec_idx=49357471&location=ts&searchword=C&searchType=search&paid_fl=n&search_uuid=82292582-2106-48e9-81ea-e572564602a2,서울 영등포구,경력무관,고졸↑,256 만원,파견직,~ 12/05(목),"CS, 인바운드, 고객관리, 상담원, 전화상담 외                    수정일 24/12/02",마감임박,수정일 24/12/02
C,(주)티에스씨테크놀러지,C언어 및 그 위 프로그래밍 언어 전문가,https://www.saramin.co.kr/zf_user/jobs/relay/view?view_type=search&rec_idx=49309753&location=ts&searchword=C&searchType=search&paid_fl=n&search_uuid=82292582-2106-48e9-81ea-e572564602a2,경기 안산시 단원구,경력 1~2년,고졸↑,"3,800 만원",정규직,~ 12/30(월),"R&D, 자동제어 등록일 24/10/31",스타트업,등록일 24/10/31
C,(주)에이스엔,"소프트웨어 개발자( C, C++, C#, MFC )",https://www.saramin.co.kr/zf_user/jobs/relay/view?view_type=search&rec_idx=49342578&location=ts&searchword=C&searchType=search&paid_fl=n&search_uuid=82292582-2106-48e9-81ea-e572564602a2,경기 수원시 영통구,경력 3~10년,학력무관,"6,000 만원",정규직·계약직,상시채용,"C#, MFC, C++, S/W, 솔루션 외                    등록일 24/11/05",,등록일 24/11/05
C,(주)대진아이엔티,[영업부] B2B.B2C영업/대기업 특판 경력자 우대채용 공고,https://www.saramin.co.kr/zf_user/jobs/relay/view?view_type=search&rec_idx=49506165&location=ts&searchword=C&searchType=search&paid_fl=n&search_uuid=19609ecd-c4a2-4344-8a9f-9a2b7b0ae576,경기 남양주시,경력무관,학력무관,"4,000 만원",정규직,~ 01/01(수),"영업, 기업영업, 유통업, 물류업, 수입유통 등록일 24/12/02",워라밸,등록일 24/12/02
C,(주)에이치엔아이컴퍼니,(정규직) 업소용 전자제품 B2B/B2C 영업사원 채용 (대전/대구),https://www.saramin.co.kr/zf_user/jobs/relay/view?view_type=search&rec_idx=49512865&location=ts&searchword=C&searchType=search&paid_fl=n&search_uuid=19609ecd-c4a2-4344-8a9f-9a2b7b0ae576,경남 양산시,경력무관,고졸↑,207 만원,정규직,~ 01/01(수),"B2C, 영업, 기술영업, 영업관리, 영업직 외                    등록일 24/12/02",,등록일 24/12/02
C,(주)아트시스,아트시스 B2C팀 사이니지 제품/편집 디자이너 신입사원 채용,https://www.saramin.co.kr/zf_user/jobs/relay/view?view_type=search&rec_idx=49354651&location=ts&searchword=C&searchType=search&paid_fl=n&search_uuid=19609ecd-c4a2-4344-8a9f-9a2b7b0ae576,경남 창원시,신입,학력무관,210 만원,계약직,~ 12/07(토),"시각디자인, 편집디자인, 광고디자인, 브랜드디자인, 로고디자인 외                    등록일 24/11/07",급성장중,등록일 24/11/07
C,(주)셔더,"미디어 아트, 미디어 인테리어 B2B, B2C, B2G 조달 영업 담당자",https://www.saramin.co.kr/zf_user/jobs/relay/view?view_type=search&rec_idx=49331826&location=ts&searchword=C&searchType=search&paid_fl=n&search_uuid=19609ecd-c4a2-4344-8a9f-9a2b7b0ae576,경기 고양시 덕양구,경력 7~10년,학력무관,"4,200 만원",정규직,~ 12/14(토),"IT영업, B2C, 영업, 솔루션기술영업, B2B 외                    수정일 24/11/21",급성장중,수정일 24/11/21
C,피지에스코리아(주),"B2C ,백화점, 할인점, 홈쇼핑영업 ,가능한 경력사원",https://www.saramin.co.kr/zf_user/jobs/relay/view?view_type=search&rec_idx=49445635&location=ts&searchword=C&searchType=search&paid_fl=n&search_uuid=19609ecd-c4a2-4344-8a9f-9a2b7b0ae576,경기 고양시 일산서구,경력5년↑,대졸↑,"4,000 만원",정규직,~ 12/21(토),"영업직, 기업영업, 유통영업, 홈쇼핑영업, 주방용품 등록일 24/11/21",연봉상승률 15% 이상,등록일 24/11/21
C,(주)아트앤디자인인터내셔널,화장품 해외영업 B2C 이커머스 MD 채용 : Shopee 쇼피 등,https://www.saramin.co.kr/zf_user/jobs/relay/view?view_type=search&rec_idx=49463228&location=ts&searchword=C&searchType=search&paid_fl=n&search_uuid=19609ecd-c4a2-4344-8a9f-9a2b7b0ae576,서울 영등포구,경력3년↑,대졸↑,"3,500 만원",정규직,~ 12/25(수),"B2C, 영업, 수출입, 해외영업, 해외영업관리 외                    등록일 24/11/25",급성장중,등록일 24/11/25
C,(주)아트앤디자인인터내셔널,화장품 해외영업 B2C 이커머스 MD 채용 : Shopify 쇼피파이,https://www.saramin.co.kr/zf_user/jobs/relay/view?view_type=search&rec_idx=49475348&location=ts&searchword=C&searchType=search&paid_fl=n&search_uuid=19609ecd-c4a2-4344-8a9f-9a2b7b0ae576,서울 영등포구,경력3년↑,대졸↑,"3,500 만원",정규직,~ 12/26(목),"B2C, 영업, 수출입, 해외영업, 해외영업관리 외                    등록일 24/11/26",급성장중,등록일 24/11/26
C,올리브영 등촌점,올리브영 등촌점 평일 월~금 C타임 스텝을 모집합니다.,https://www.saramin.co.kr/zf_user/jobs/relay/view?view_type=search&rec_idx=49355223&location=ts&searchword=C&searchType=search&paid_fl=n&search_uuid=6a8f1e25-b1cd-477a-8177-169fcf56656a,서울 강서구,경력무관,고졸↑,"11,863 원",아르바이트,~ 12/07(토),"잡화판매, 화장품판매, 판매, 화장품매장, 잡화매장 수정일 24/11/22",,수정일 24/11/22
C,(주)제넥,"LabView (랩뷰) , C, C++ 프로그래머 신입/경력사원 모집",https://www.saramin.co.kr/zf_user/jobs/relay/view?view_type=search&rec_idx=49163198&location=ts&searchword=C&searchType=search&paid_fl=n&search_uuid=6a8f1e25-b1cd-477a-8177-169fcf56656a,경남 창원시,경력무관,초대졸↑,"3,650 만원",정규직,채용시,"자동제어, 주간근무, 기술엔지니어, 계측제어, Microprocessor 외                    수정일 24/12/02",성과급/상여금,수정일 24/12/02
C,한단제어기술,"PC 제어프로그래머 (C, C++, C#, Python)",https://www.saramin.co.kr/zf_user/jobs/relay/view?view_type=search&rec_idx=49335326&location=ts&searchword=C&searchType=search&paid_fl=n&search_uuid=6a8f1e25-b1cd-477a-8177-169fcf56656a,경기 안양시 동안구,경력무관,대졸↑,"4,500 만원",정규직,~ 12/05(목),"C#, AI(인공지능), C++, Python, SE(시스템엔지니어) 외                    등록일 24/11/05",마감임박,등록일 24/11/05
C,(주)프로에스콤,[부산 해운대/3교대] 웨스틴조선호텔 부산 / 보안사원 채용,https://www.saramin.co.kr/zf_user/jobs/relay/view?view_type=search&rec_idx=49501644&location=ts&searchword=C&searchType=search&paid_fl=n&search_uuid=ca818258-001d-4704-aeec-1cab2fb49abd,부산 해운대구,경력무관,학력무관,220 만원,정규직·계약직,~ 12/31(화),"카지노, GRO(컨시어지), CS, 고객관리, 호텔 외                    수정일 24/12/03",고객상담·TM 스크랩 급상승,수정일 24/12/03
C,버슘머트리얼즈코리아(주),"사무지원 신입 채용 (전문학사, 경기도 시흥)",https://www.saramin.co.kr/zf_user/jobs/relay/view?view_type=search&rec_idx=49505132&location=ts&searchword=C&searchType=search&paid_fl=n&search_uuid=ca818258-001d-4704-aeec-1cab2fb49abd,경기 시흥시,신입,초대졸↑,"3,400 만원",정규직,채용시,"사무보조, 사무직, 사무행정, 화학, 화공 수정일 24/12/02",총무·법무·사무 스크랩 TOP100,수정일 24/12/02
C,(주)맨파워코리아,[맨파워코리아] 엘지전자 파견사원 채용 #워라밸 #LG,https://www.saramin.co.kr/zf_user/jobs/relay/view?view_type=search&rec_idx=49503954&location=ts&searchword=C&searchType=search&paid_fl=n&search_uuid=c7c9fcdf-e319-4335-9b9f-e1061634bfa0,경남 창원시,경력무관,고졸↑,"3,150 만원",파견직,상시채용,"OA, Excel, 문서작성, 사무보조, 사무직 외                    등록일 24/12/02",인기있는,등록일 24/12/02
C,에이스휴먼파워(주),[월 279만/복지최상] 아티제 바리스타/베이커리 대규모 채용,https://www.saramin.co.kr/zf_user/jobs/relay/view?view_type=search&rec_idx=49505867&location=ts&searchword=C&searchType=search&paid_fl=n&search_uuid=c7c9fcdf-e319-4335-9b9f-e1061634bfa0,서울 동대문구,경력무관,고졸↑,279 만원,파견직 (정규직 전환가능)·아르바이트,채용시,"캐셔, 카페, 매출관리, 호텔, 고객응대 외                    등록일 24/12/02",인기있는,등록일 24/12/02
C,(주)윌앤비전,[공공기관] 엑스코 대한민국 미래공항엑스포 사무보조,https://www.saramin.co.kr/zf_user/jobs/relay/view?view_type=search&rec_idx=49431752&location=ts&searchword=C&searchType=search&paid_fl=n&search_uuid=c7c9fcdf-e319-4335-9b9f-e1061634bfa0,대구 북구,경력무관,학력무관,216 만원,파견직,~ 12/05(목),"홍보, 온라인마케팅, 사무보조, 사무직, 행사기획 외                    수정일 24/11/29",공공·복지 스크랩 TOP100,수정일 24/11/29
C,(주)윌앤비전,크레텍 책임 물류센터 단순 작업자 모집 (지게차운전가능자),https://www.saramin.co.kr/zf_user/jobs/relay/view?view_type=search&rec_idx=49471007&location=ts&searchword=C&searchType=search&paid_fl=n&search_uuid=c7c9fcdf-e319-4335-9b9f-e1061634bfa0,대구 중구,경력무관,학력무관,236 만원,정규직·계약직,~ 12/06(금),"품질관리, 생산관리, 제조, 단순생산직, 제조가공 외                    수정일 24/12/02",운전·운송·배송 스크랩 급상승,수정일 24/12/02
C,㈜카옥션,일반 사무직 신입/경력 채용(정규직),https://www.saramin.co.kr/zf_user/jobs/relay/view?view_type=search&rec_idx=49444338&location=ts&searchword=C&searchType=search&paid_fl=n&search_uuid=bb87abbc-3457-4583-9819-3fa26145e2d1,경기 수원시 권선구,경력무관,고졸↑,"3,000 만원",정규직,~ 12/21(토),"B2C, B2B, 영업지원, 문서작성, 사무보조 외                    수정일 24/11/21",총무·법무·사무 지원 급상승,수정일 24/11/21
C,사단법인 한국나눔연맹,홍보팀 정규직원 모집,https://www.saramin.co.kr/zf_user/jobs/relay/view?view_type=search&rec_idx=49493031&location=ts&searchword=C&searchType=search&paid_fl=n&search_uuid=bb87abbc-3457-4583-9819-3fa26145e2d1,대구 서구,경력1년↑,고졸↑,280 만원,정규직,~ 12/06(금),"B2C, 영업, 영업관리, 영업직, 영업지원 외                    수정일 24/11/30",금융·보험 지원 TOP100,수정일 24/11/30
C,(주)제이케이엔코리아,[물류관리] 쿠팡 사이트 관리 및 기타 업무 보조,https://www.saramin.co.kr/zf_user/jobs/relay/view?view_type=search&rec_idx=49513282&location=ts&searchword=C&searchType=search&paid_fl=n&search_uuid=0fa11208-badc-4812-af07-a13368e0df5d,부산 연제구,경력무관,고졸↑,"3,000 만원",정규직,~ 01/01(수),"CS, B2C, B2B, 고객관리, 게시판관리 외                    수정일 24/12/03",고객상담·TM 지원 TOP100,수정일 24/12/03
C,(주)넥스트진,넥스트진) 사무 보조 정규직 채용(외근 포함),https://www.saramin.co.kr/zf_user/jobs/relay/view?view_type=search&rec_idx=49492587&location=ts&searchword=C&searchType=search&paid_fl=n&search_uuid=0fa11208-badc-4812-af07-a13368e0df5d,대전 유성구,경력무관,학력무관,"2,800 만원",정규직,~ 12/29(일),"총무, 사무직, 경리, 거래처납품, 유통업 외                    등록일 24/11/29",연봉상승률 20% 이상,등록일 24/11/29
C,엠에스코리아,[동탄산업단지] 반도체 TEST 생산팀 사원모집 3조3교대,https://www.saramin.co.kr/zf_user/jobs/relay/view?view_type=search&rec_idx=49465478&location=ts&searchword=C&searchType=search&paid_fl=n&search_uuid=0fa11208-badc-4812-af07-a13368e0df5d,경기 화성시,경력무관,학력무관,"10,500 원",정규직,~ 12/25(수),"FA(공장자동화), LCD, OLED, PCB, MEMS 외                    등록일 24/11/25",생산 스크랩 급상승,등록일 24/11/25
C,엠에스코리아,[동탄산업단지] 반도체 장비기술팀  메인트 정규직 사원모집,https://www.saramin.co.kr/zf_user/jobs/relay/view?view_type=search&rec_idx=49465604&location=ts&searchword=C&searchType=search&paid_fl=n&search_uuid=0fa11208-badc-4812-af07-a13368e0df5d,경기 화성시,경력무관,학력무관,"10,700 원",정규직,~ 12/25(수),"FA(공장자동화), LCD, OLED, PCB, MEMS 외                    수정일 24/11/25",인기있는,수정일 24/11/25
C,(주)하늘기업,하늘기업과 함께 걸어나갈 꽃길로 초대합니다.[기획운영],https://www.saramin.co.kr/zf_user/jobs/relay/view?view_type=search&rec_idx=49499963&location=ts&searchword=C&searchType=search&paid_fl=n&search_uuid=0fa11208-badc-4812-af07-a13368e0df5d,울산 중구,경력무관,학력무관,"3,000 만원",정규직,~ 12/30(월),"기획, 사무직, 광고기획사, 광고대행사, 홍보대행사 외                    등록일 24/11/30",총무·법무·사무 스크랩 급상승,등록일 24/11/30
C,에이쓰리,반도체 장비 생산 국내 1위 기업 싸이노스 신입 정규직 채용,https://www.saramin.co.kr/zf_user/jobs/relay/view?view_type=search&rec_idx=49325721&location=ts&searchword=C&searchType=search&paid_fl=n&search_uuid=ed6f2858-961b-4d03-8ec0-85f0bf0fa231,경기 화성시,경력무관,고졸↑,"4,000 만원",정규직,내일마감,"PLC, 코팅, NC/CNC선반, 제약/바이오, PCB 외                    등록일 24/11/04",생산 지원 급상승,등록일 24/11/04
C,에이쓰리,삼성/SK하이닉스 대기업 1차 협력사 싸이노스 신입 정규직 채용,https://www.saramin.co.kr/zf_user/jobs/relay/view?view_type=search&rec_idx=49360738&location=ts&searchword=C&searchType=search&paid_fl=n&search_uuid=ed6f2858-961b-4d03-8ec0-85f0bf0fa231,경기 화성시,경력무관,고졸↑,"4,000 만원",정규직,~ 12/08(일),"PLC, 코팅, NC/CNC선반, 제약/바이오, PCB 외                    등록일 24/11/08",인기있는,등록일 24/11/08
C,에이쓰리,반도체 장비 생산 국내 1위 기업 싸이노스 신입 채용 기숙사 有,https://www.saramin.co.kr/zf_user/jobs/relay/view?view_type=search&rec_idx=49449792&location=ts&searchword=C&searchType=search&paid_fl=n&search_uuid=ed6f2858-961b-4d03-8ec0-85f0bf0fa231,경기 화성시,경력무관,고졸↑,"4,000 만원",정규직,~ 12/22(일),"PLC, 코팅, NC/CNC선반, 제약/바이오, PCB 외                    등록일 24/11/22",생산 지원 급상승,등록일 24/11/22
C,(주)더스크랙,[더스크랙] 실력과 열정있는 경영지원(인사/총무)실무자,https://www.saramin.co.kr/zf_user/jobs/relay/view?view_type=search&rec_idx=49487979&location=ts&searchword=C&searchType=search&paid_fl=n&search_uuid=ed6f2858-961b-4d03-8ec0-85f0bf0fa231,서울 강서구,경력무관,학력무관,"3,000 만원",정규직,~ 12/28(토),"기획, 경영관리, 회계, 자금관리, 총무 외                    수정일 24/11/28",기획·전략 지원 급상승,수정일 24/11/28
C,담비한의원,유성구 상대동 한의원 [데스크 직원] 구인합니다,https://www.saramin.co.kr/zf_user/jobs/relay/view?view_type=search&rec_idx=49421824&location=ts&searchword=C&searchType=search&paid_fl=n&search_uuid=ed6f2858-961b-4d03-8ec0-85f0bf0fa231,대전 유성구,경력무관,학력무관,220 만원,정규직·계약직,~ 12/18(수),"고객응대, 안내데스크, 병원코디네이터, 상담실장, 환자안내 외                    등록일 24/11/18",서비스 지원 급상승,등록일 24/11/18
C,담비한의원,유성 상대동 한의원 [치료실 직원] 구인합니다.,https://www.saramin.co.kr/zf_user/jobs/relay/view?view_type=search&rec_idx=49459877&location=ts&searchword=C&searchType=search&paid_fl=n&search_uuid=ed6f2858-961b-4d03-8ec0-85f0bf0fa231,대전 유성구,경력무관,학력무관,"2,640 만원",정규직·계약직,~ 12/25(수),"간호조무사, 한의원, 한의원 등록일 24/11/25",의료 지원 급상승,등록일 24/11/25
C,주식회사 사계절,"CS주간 사무업무 및 단순 생산업무, 신입 및 경력사원 모집",https://www.saramin.co.kr/zf_user/jobs/relay/view?view_type=search&rec_idx=49487642&location=ts&searchword=C&searchType=search&paid_fl=n&search_uuid=ed6f2858-961b-4d03-8ec0-85f0bf0fa231,충남 홍성군,경력무관,학력무관,220 만원,정규직·무기계약직,상시채용,"코팅, 자동화라인, 자동화설계, 생산자동화, 기계설계 외                    등록일 24/11/28",인기있는,등록일 24/11/28
C,바로선한의원,세종시 바로선한의원 간호조무사(간호조무사/한의원) 채용,https://www.saramin.co.kr/zf_user/jobs/relay/view?view_type=search&rec_idx=49507588&location=ts&searchword=C&searchType=search&paid_fl=n&search_uuid=ed6f2858-961b-4d03-8ec0-85f0bf0fa231,세종특별자치시,경력무관,학력무관,"2,600 만원",정규직,~ 01/01(수),"간호조무사, 한의원, 진료보조, 한의원 등록일 24/12/02",인기있는,등록일 24/12/02
C,약손한의원,한의원 간호조무사 정규직(주4.5일/40시간) 채용합니다.,https://www.saramin.co.kr/zf_user/jobs/relay/view?view_type=search&rec_idx=49506749&location=ts&searchword=C&searchType=search&paid_fl=n&search_uuid=ed6f2858-961b-4d03-8ec0-85f0bf0fa231,세종특별자치시,경력무관,학력무관,"2,800 만원",정규직,~ 01/01(수),"간호조무사, 한의원, 한의원 등록일 24/12/02",인기있는,등록일 24/12/02
C,(주)휴먼코아,[업계최고ㅣ신세계그룹ㅣ더블유컨셉] 상품기획 AMD 채용,https://www.saramin.co.kr/zf_user/jobs/relay/view?view_type=search&rec_idx=49355780&location=ts&searchword=C&searchType=search&paid_fl=n&search_uuid=ed6f2858-961b-4d03-8ec0-85f0bf0fa231,서울 강남구,경력무관,초대졸↑,236 만원,계약직·파견직,~ 12/07(토),"리테일MD, SNS, 마케팅, 마케팅기획, 온라인마케팅 외                    수정일 24/11/07",상품기획·MD 지원 TOP100,수정일 24/11/07
C,체어팩토리,체어팩토리 가구쇼핑몰MD ( MD/ 매출분석/ 사이트관리 ),https://www.saramin.co.kr/zf_user/jobs/relay/view?view_type=search&rec_idx=49512949&location=ts&searchword=C&searchType=search&paid_fl=n&search_uuid=ad3b0ec3-4cd1-4e98-a514-8107032270fe,부산 남구,경력무관,고졸↑,"3,500 만원",정규직·계약직,~ 01/01(수),"기획, 마케팅, 마케팅기획, 온라인마케팅, 시장조사 외                    등록일 24/12/02",인기있는,등록일 24/12/02
C,전라도 청년,2024년 식품 온라인쇼핑몰 발주 및 CS 담당자 채용,https://www.saramin.co.kr/zf_user/jobs/relay/view?view_type=search&rec_idx=49503603&location=ts&searchword=C&searchType=search&paid_fl=n&search_uuid=ad3b0ec3-4cd1-4e98-a514-8107032270fe,광주 광산구,경력무관,학력무관,230 만원,정규직,~ 01/01(수),"CS, 고객관리, 쇼핑몰, 오픈마켓, 수/발주 외                    등록일 24/12/02",인기있는,등록일 24/12/02
C,M.T.C,E7 국내졸업(기계.전기학과전공자)모집,https://www.saramin.co.kr/zf_user/jobs/relay/view?view_type=search&rec_idx=49491896&location=ts&searchword=C&searchType=search&paid_fl=n&search_uuid=ad3b0ec3-4cd1-4e98-a514-8107032270fe,경남 김해시,경력1년↑,대졸↑,"80,000 원",정규직,~ 12/29(일),"자동화라인, 조립, 단순생산직, 기계조작원, 제조가공 외                    수정일 24/11/29",스타트업,수정일 24/11/29
C,(주)삼구아이앤씨,[(주)삼구INC] 청주 하이닉스 3캠퍼스 內 M11AB 설비운영팀 채용,https://www.saramin.co.kr/zf_user/jobs/relay/view?view_type=search&rec_idx=49453211&location=ts&searchword=C&searchType=search&paid_fl=n&search_uuid=ad3b0ec3-4cd1-4e98-a514-8107032270fe,충북 청주시 흥덕구,경력무관,고졸↑,"3,600 만원",정규직,~ 12/22(일),"공조설비, 설비점검, 가스설비, 설비보수, 기계·장비관리 외                    등록일 24/11/22",점심지원,등록일 24/11/22
java,(주)다원씨아이에스,"[신입, 경력] JAVA 웹개발 정규직 채용 (SI / SM)",https://www.saramin.co.kr/zf_user/jobs/relay/view?view_type=search&rec_idx=49504124&location=ts&searchword=java&searchType=search&paid_fl=n&search_uuid=8cf9aeca-9481-4f04-88a0-938d480418e3,서울 금천구,경력무관,초대졸↑,"3,000 만원",정규직·프리랜서,~ 01/01(수),"Java, 웹개발, SI개발, SI·시스템통합, ERP 외                    등록일 24/12/02",IT개발·데이터 지원 TOP100,등록일 24/12/02
java,(주)이노스피치,JAVA웹개발자(신입~경력) 모집(서울 송파),https://www.saramin.co.kr/zf_user/jobs/relay/view?view_type=search&rec_idx=49396264&location=ts&searchword=java&searchType=search&paid_fl=n&search_uuid=8cf9aeca-9481-4f04-88a0-938d480418e3,서울 송파구,경력무관,대졸↑,"3,200 만원",정규직,~ 12/13(금),"JSP, Java, Javascript, Spring, 웹개발 외                    수정일 24/11/13",서비스 지원 TOP100,수정일 24/11/13
java,(주)모은넷,기술연구소 SW개발자 채용 (JAVA/C#/.NET),https://www.saramin.co.kr/zf_user/jobs/relay/view?view_type=search&rec_idx=49450374&location=ts&searchword=java&searchType=search&paid_fl=n&search_uuid=8cf9aeca-9481-4f04-88a0-938d480418e3,경기 수원시 영통구,경력무관,대졸↑,"3,500 만원",정규직,~ 12/22(일),"JSP, Java, Javascript, 웹개발, 유지보수 외                    수정일 24/12/02",IT개발·데이터 스크랩 급상승,수정일 24/12/02
java,데이원 주식회사,Java&백엔드/서버개발外 정규직 채용 - 신입사원,https://www.saramin.co.kr/zf_user/jobs/relay/view?view_type=search&rec_idx=49499863&location=ts&searchword=java&searchType=search&paid_fl=n&search_uuid=8cf9aeca-9481-4f04-88a0-938d480418e3,서울 강남구,신입,대졸↑,"2,800 만원",정규직,~ 12/30(월),"Java, JPA, 백엔드/서버개발, SpringBoot, SQL 외                    등록일 24/11/30",IT개발·데이터 지원 TOP100,등록일 24/11/30
java,(주)하솜정보기술,클라우드 백엔드 프로그램  java 및 데이타서버 개발 프로그램,https://www.saramin.co.kr/zf_user/jobs/relay/view?view_type=search&rec_idx=49370451&location=ts&searchword=java&searchType=search&paid_fl=n&search_uuid=8cf9aeca-9481-4f04-88a0-938d480418e3,서울 마포구,경력무관,대졸↑,"3,000 만원",정규직,~ 12/10(화),"Java, Spring, 웹개발, 백엔드/서버개발, MySQL 외                    등록일 24/11/10",인기있는,등록일 24/11/10
java,주식회사 에이데이타,JAVA Back-End 개발자 정규직(신입) 채용,https://www.saramin.co.kr/zf_user/jobs/relay/view?view_type=search&rec_idx=49490073&location=ts&searchword=java&searchType=search&paid_fl=n&search_uuid=8cf9aeca-9481-4f04-88a0-938d480418e3,서울 성동구,경력무관,대졸↑,"3,400 만원",정규직,~ 12/13(금),"Java, Javascript, Spring, 백엔드/서버개발, 솔루션 외                    등록일 24/11/28",IT개발·데이터 지원 TOP100,등록일 24/11/28
java,㈜이씨마이너,연구소 빅데이터분석/AI솔루션개발자/Java 개발자 모집,https://www.saramin.co.kr/zf_user/jobs/relay/view?view_type=search&rec_idx=49420870&location=ts&searchword=java&searchType=search&paid_fl=n&search_uuid=17ff225a-f9dc-4504-b5df-0862938a3b07,서울 강남구,경력무관,대졸↑,"3,500 만원",정규직,~ 01/17(금),"Java, Javascript, CSS, HTML, API 외                    수정일 24/11/18",IT개발·데이터 조회 급상승,수정일 24/11/18
java,데이터플로,"개발자 채용 - 자바 백엔드 JAVA (정규직,계약직,프리랜서",https://www.saramin.co.kr/zf_user/jobs/relay/view?view_type=search&rec_idx=49260639&location=ts&searchword=java&searchType=search&paid_fl=n&search_uuid=17ff225a-f9dc-4504-b5df-0862938a3b07,서울 강남구,경력무관,고졸↑,"8,000 만원",정규직·계약직,~ 12/23(월),"JSP, Java, Spring, RDBMS, MyBatis 외                    등록일 24/10/24",인기있는,등록일 24/10/24
java,(주)휴앤시스,java 프로그래머 신입 채용(정규직)/병역특례/학원졸업자 환영,https://www.saramin.co.kr/zf_user/jobs/relay/view?view_type=search&rec_idx=49328817&location=ts&searchword=java&searchType=search&paid_fl=n&search_uuid=17ff225a-f9dc-4504-b5df-0862938a3b07,경기 안양시 동안구,신입,학력무관,"2,500 만원",정규직,~ 01/03(금),"Java, SI·시스템통합, 소프트웨어개발, SM 수정일 24/11/04",IT개발·데이터 지원 급상승,수정일 24/11/04
java,주식회사 코레토,[JAVA/경력]코레토와 함께할 백엔드 개발자를 모십니다.,https://www.saramin.co.kr/zf_user/jobs/relay/view?view_type=search&rec_idx=49417473&location=ts&searchword=java&searchType=search&paid_fl=n&search_uuid=17ff225a-f9dc-4504-b5df-0862938a3b07,서울 강남구,경력 1~6년,초대졸↑,"3,300 만원",정규직,~ 12/18(수),"Java, Spring, 백엔드/서버개발, 솔루션, MySQL 외                    등록일 24/11/18",IT개발·데이터 지원 급상승,등록일 24/11/18
java,(주)만들다컴퍼니,"지속 성장가능한 개발 인력 모집-Flutter,Python,JAVA,재택가능",https://www.saramin.co.kr/zf_user/jobs/relay/view?view_type=search&rec_idx=49472340&location=ts&searchword=java&searchType=search&paid_fl=n&search_uuid=0e87183d-8dd0-46f7-90a1-3e6140642d1b,경기 안양시 동안구,경력무관,대졸↑,"3,000 만원",정규직,채용시,"Java, 웹개발, 백엔드/서버개발, Python, API 외                    수정일 24/11/26",인기있는,수정일 24/11/26
java,구우정보기술,SI/SM 응용프로그램(JAVA) 개발자 채용,https://www.saramin.co.kr/zf_user/jobs/relay/view?view_type=search&rec_idx=49400932&location=ts&searchword=java&searchType=search&paid_fl=n&search_uuid=0e87183d-8dd0-46f7-90a1-3e6140642d1b,서울 강남구,신입,초대졸↑,"2,800 만원",정규직,~ 12/14(토),"Java, 웹개발, .NET, SQL, ERP 외                    등록일 24/11/14",인기있는,등록일 24/11/14
java,(주)한국아이오티기술원,Java 백엔드 서버 개발자 모집,https://www.saramin.co.kr/zf_user/jobs/relay/view?view_type=search&rec_idx=49399495&location=ts&searchword=java&searchType=search&paid_fl=n&search_uuid=0e87183d-8dd0-46f7-90a1-3e6140642d1b,서울 금천구,경력 5~10년,대졸↑,"5,000 만원",정규직,~ 12/14(토),"Java, Spring, 웹개발, 백엔드/서버개발, Linux 외                    등록일 24/11/14",IT개발·데이터 조회 급상승,등록일 24/11/14
java,(주)엔유비즈,경력개발자 모집 : 웹(JAVA/Spring/React),https://www.saramin.co.kr/zf_user/jobs/relay/view?view_type=search&rec_idx=49351272&location=ts&searchword=java&searchType=search&paid_fl=n&search_uuid=bade9709-a501-4f36-a438-507e332034b4,광주 서구,경력 1~10년,초대졸↑,270 만원,정규직·기간제,~ 12/06(금),"JSP, Java, Spring, 웹개발, React 외                    등록일 24/11/06",IT개발·데이터 지원 급상승,등록일 24/11/06
java,(주)아이클레이브 / iclave,[ Ai스타트업 ]JAVAㆍKotlinㆍReact 웹 풀스택 경력 모집,https://www.saramin.co.kr/zf_user/jobs/relay/view?view_type=search&rec_idx=49392308&location=ts&searchword=java&searchType=search&paid_fl=n&search_uuid=71c26954-9230-4b2d-8c49-2d6f49c74e38,서울 서초구,경력 2~10년,대졸↑,"4,000 만원",정규직,~ 12/13(금),"Java, Javascript, Spring, 웹개발, 유지보수 외                    등록일 24/11/13",IT개발·데이터 지원 급상승,등록일 24/11/13
java,소명소프트(주),[웹개발] 계약직 중급 JAVA 개발자 채용 공고,https://www.saramin.co.kr/zf_user/jobs/relay/view?view_type=search&rec_idx=49389686&location=ts&searchword=java&searchType=search&paid_fl=n&search_uuid=430a727a-3f28-489f-9cda-7816ec74c49a,서울 송파구,경력 3~5년,초대졸↑,"4,000 만원",계약직,~ 12/13(금),"JSP, Java, 웹개발, 유지보수, 백엔드/서버개발 외                    등록일 24/11/13",IT개발·데이터 조회 급상승,등록일 24/11/13
java,(주)파인브이티,JAVA SI 초급 경력자 모집,https://www.saramin.co.kr/zf_user/jobs/relay/view?view_type=search&rec_idx=49504119&location=ts&searchword=java&searchType=search&paid_fl=n&search_uuid=430a727a-3f28-489f-9cda-7816ec74c49a,경기 안양시 동안구,경력,대졸↑,"4,000 만원",정규직,채용시,"웹개발, 유지보수, SI개발, 소프트웨어개발 등록일 24/12/02",사내 카페,등록일 24/12/02
java,인스피언(주),기술연구소 경력 연구원 설계/개발(Java/React) 경력자 모집,https://www.saramin.co.kr/zf_user/jobs/relay/view?view_type=search&rec_idx=49378953&location=ts&searchword=java&searchType=search&paid_fl=n&search_uuid=430a727a-3f28-489f-9cda-7816ec74c49a,서울 금천구,경력10년↑,대졸↑,"6,500 만원",정규직,~ 01/10(금),"Java, Spring, 웹개발, 백엔드/서버개발, 솔루션 외                    수정일 24/11/21",평균연봉 상위 10%,수정일 24/11/21
java,(주)피어라인,(경력) 백엔드 개발자 채용 (JAVA/ Node.js),https://www.saramin.co.kr/zf_user/jobs/relay/view?view_type=search&rec_idx=49441380&location=ts&searchword=java&searchType=search&paid_fl=n&search_uuid=4bfb7a0f-58fd-4650-ba37-758ecce7577a,서울 금천구,경력3년↑,학력무관,"4,000 만원",정규직,채용시,"Java, 백엔드/서버개발, S/W, Windows, Linux 외                    등록일 24/11/20",워라밸,등록일 24/11/20
java,다겸(주),MES (JAVA / Javascript) 개발자 모집,https://www.saramin.co.kr/zf_user/jobs/relay/view?view_type=search&rec_idx=49251029&location=ts&searchword=java&searchType=search&paid_fl=n&search_uuid=48189510-2142-4bac-a10a-2e00ea682c04,서울 금천구,경력 5~10년,대졸↑,"7,000 만원",정규직,~ 12/22(일),"JSP, Java, Javascript, Spring, 백엔드/서버개발 외                    수정일 24/11/22",기획·전략 스크랩 급상승,수정일 24/11/22
java,주식회사스마이트,[JAVA개발자(은행 및 보험분야 유경험자)] 웹개발,https://www.saramin.co.kr/zf_user/jobs/relay/view?view_type=search&rec_idx=49225040&location=ts&searchword=java&searchType=search&paid_fl=n&search_uuid=c8441a29-6ddd-4d64-9943-4969f44db329,서울 중구,경력 5~20년,초대졸↑,"6,000 만원",정규직·프리랜서,~ 12/17(화),"JSP, Java, Spring, 웹개발, 유지보수 외                    수정일 24/10/18",,수정일 24/10/18
java,(주)모닝인,[정규직/여의도] 시스템 고도화 및 유지보수(JAVA-Spring)팀장급,https://www.saramin.co.kr/zf_user/jobs/relay/view?view_type=search&rec_idx=49511266&location=ts&searchword=java&searchType=search&paid_fl=n&search_uuid=49181595-e287-4155-94c0-f3b167ba9def,서울 영등포구,경력5년↑,학력무관,"6,000 만원",정규직,~ 01/01(수),"Spring, 웹개발, 솔루션, SI개발, Windows 외                    등록일 24/12/02",,등록일 24/12/02
java,푸른IT,영등포 당산역 대기업 구매시스템 장기 SM ( 자바개발자 ),https://www.saramin.co.kr/zf_user/jobs/relay/view?view_type=search&rec_idx=49500664&location=ts&searchword=java&searchType=search&paid_fl=n&search_uuid=49181595-e287-4155-94c0-f3b167ba9def,서울 영등포구,경력 6~20년,초대졸↑,700 만원,프리랜서,~ 12/12(목),"JSP, Java, Javascript, Spring, 웹개발 외                    수정일 24/11/30",IT개발·데이터 스크랩 급상승,수정일 24/11/30
java,(주)리턴트루,"[프리, 계약]  자바개발자를 모십니다.",https://www.saramin.co.kr/zf_user/jobs/relay/view?view_type=search&rec_idx=49399396&location=ts&searchword=java&searchType=search&paid_fl=n&search_uuid=49181595-e287-4155-94c0-f3b167ba9def,서울 종로구,경력 5~20년,초대졸↑,600 만원,계약직·프리랜서,~ 12/14(토),"Java, 웹개발, 솔루션업체, 소프트웨어개발 등록일 24/11/14",연봉상승률 15% 이상,등록일 24/11/14
java,(주)이지씨엔에스아이,공공기관(양재동)  상주  유지보수 고급 자바개발(Mi-Paltform),https://www.saramin.co.kr/zf_user/jobs/relay/view?view_type=search&rec_idx=49444415&location=ts&searchword=java&searchType=search&paid_fl=n&search_uuid=49181595-e287-4155-94c0-f3b167ba9def,서울 서초구,경력 6~9년,초대졸↑,450 만원,정규직·계약직,~ 12/21(토),"JSP, Java, 웹개발, 유지보수, SI·시스템통합 외                    등록일 24/11/21",,등록일 24/11/21
java,더조은컴퓨터아카데미종로,"[NCS 훈련교사] 빅데이터(파이썬)엘러스틱서치,자바웹 전문강사",https://www.saramin.co.kr/zf_user/jobs/relay/view?view_type=search&rec_idx=49408730&location=ts&searchword=java&searchType=search&paid_fl=n&search_uuid=49181595-e287-4155-94c0-f3b167ba9def,서울 종로구,경력무관,학력무관,"9,860 원",기간제·계약직,~ 12/15(일),"직업훈련, 컴퓨터교육, 훈련교사, IT학원 등록일 24/11/15",,등록일 24/11/15
java,(주)더원테크,빅데이터 와 인공지능 AI 프로그램 개발자 모십니다.,https://www.saramin.co.kr/zf_user/jobs/relay/view?view_type=search&rec_idx=49458875&location=ts&searchword=java&searchType=search&paid_fl=y&search_uuid=49181595-e287-4155-94c0-f3b167ba9def,서울 금천구,경력무관,대졸↑,"3,000 만원",정규직,~ 12/24(화),"Java, MySQL, Python, 데이터분석가, 데이터엔지니어 외                    등록일 24/11/24",IT개발·데이터 지원 급상승,등록일 24/11/24
IT개발·데이터,크레텍책임(주),[크레텍책임/웰딩] 상시채용,https://www.saramin.co.kr/zf_user/jobs/relay/view?view_type=search&rec_idx=49351475&location=ts&searchword=IT%EA%B0%9C%EB%B0%9C%C2%B7%EB%8D%B0%EC%9D%B4%ED%84%B0&searchType=search&paid_fl=n&search_uuid=7e3bb7bf-a4c0-475e-afd4-6c8b98a5f638,대구 중구,경력무관,고졸↑,"3,000 만원",정규직·계약직,~ 12/06(금),"Java, MySQL, 무역사무원, 영업직, 물류관리 외                    등록일 24/11/06",고객상담·TM 지원 TOP100,등록일 24/11/06
IT개발·데이터,(주)씨에스엠17,NestJS+Python 백엔드 개발자 팀장 채용,https://www.saramin.co.kr/zf_user/jobs/relay/view?view_type=search&rec_idx=49328612&location=ts&searchword=IT%EA%B0%9C%EB%B0%9C%C2%B7%EB%8D%B0%EC%9D%B4%ED%84%B0&searchType=search&paid_fl=n&search_uuid=ad2f8e17-883a-4841-88ae-ebfd8d2f11ab,서울 금천구,경력5년↑,대졸↑,"7,000 만원",정규직,오늘마감,"백엔드/서버개발, 웹개발, 웹마스터, 유지보수, 인프라 외                    수정일 24/11/04",취업축하금,수정일 24/11/04
IT개발·데이터,(주)에이아이비즈,[병역특례]산업용 제조 AI 솔루션 개발자(Front-End)(석사 학위),https://www.saramin.co.kr/zf_user/jobs/relay/view?view_type=search&rec_idx=49438529&location=ts&searchword=IT%EA%B0%9C%EB%B0%9C%C2%B7%EB%8D%B0%EC%9D%B4%ED%84%B0&searchType=search&paid_fl=n&search_uuid=ad2f8e17-883a-4841-88ae-ebfd8d2f11ab,서울 동작구,경력무관,학력무관,"4,500 만원",전문연구요원·현역,~ 12/20(금),"백엔드/서버개발, 프론트엔드, SI개발, 솔루션, SI·시스템통합 수정일 24/11/20",급성장중,수정일 24/11/20
IT개발·데이터,(주)트랜스코스모스코리아,[중식제공/주중5일/성남] 포티투닷 데이터라벨링 모집,https://www.saramin.co.kr/zf_user/jobs/relay/view?view_type=search&rec_idx=49380144&location=ts&searchword=IT%EA%B0%9C%EB%B0%9C%C2%B7%EB%8D%B0%EC%9D%B4%ED%84%B0&searchType=search&paid_fl=n&search_uuid=83bd6c98-5862-42a1-a8fe-7fafde54d9df,경기 성남시 수정구,경력,학력무관,240 만원,계약직·파견직,~ 12/11(수),"데이터분석가, 데이터라벨링, 자율주행, 아웃소싱, 파견대행 등록일 24/11/11",IT개발·데이터 스크랩 급상승,등록일 24/11/11
IT개발·데이터,(주)트랜스코스모스코리아,[부천/메뉴잇] 포스기 태블릿PC 기술지원 사원 채용,https://www.saramin.co.kr/zf_user/jobs/relay/view?view_type=search&rec_idx=49466357&location=ts&searchword=IT%EA%B0%9C%EB%B0%9C%C2%B7%EB%8D%B0%EC%9D%B4%ED%84%B0&searchType=search&paid_fl=n&search_uuid=83bd6c98-5862-42a1-a8fe-7fafde54d9df,경기 부천시 원미구,경력무관,고졸↑,"3,500 만원",계약직·파견직 (정규직 전환가능),~ 12/13(금),"기술지원, 네트워크, H/W, S/W, 학습상담 외                    등록일 24/11/25",프리한 복장,등록일 24/11/25
IT개발·데이터,(주)트랜스코스모스코리아,[부산/외국계/영어필수] IT헬프데스크 채용,https://www.saramin.co.kr/zf_user/jobs/relay/view?view_type=search&rec_idx=49485880&location=ts&searchword=IT%EA%B0%9C%EB%B0%9C%C2%B7%EB%8D%B0%EC%9D%B4%ED%84%B0&searchType=search&paid_fl=n&search_uuid=83bd6c98-5862-42a1-a8fe-7fafde54d9df,부산 중구,경력,학력무관,"4,000 만원",계약직·파견직,~ 12/28(토),"기술지원, 상담원, 인바운드, CS, 고객관리 외                    수정일 24/11/28",IT개발·데이터 조회 급상승,수정일 24/11/28
IT개발·데이터,(주)트랜스코스모스코리아,[외국계/영어필수] IT헬프데스크 채용,https://www.saramin.co.kr/zf_user/jobs/relay/view?view_type=search&rec_idx=49485870&location=ts&searchword=IT%EA%B0%9C%EB%B0%9C%C2%B7%EB%8D%B0%EC%9D%B4%ED%84%B0&searchType=search&paid_fl=n&search_uuid=83bd6c98-5862-42a1-a8fe-7fafde54d9df,서울 영등포구,경력,학력무관,"4,000 만원",계약직·파견직,~ 12/13(금),"기술지원, 상담원, 인바운드, CS, 고객관리 외                    수정일 24/11/28",,수정일 24/11/28
IT개발·데이터,(주)프로에스콤,[주간고정] GS타워 보안사원 모집,https://www.saramin.co.kr/zf_user/jobs/relay/view?view_type=search&rec_idx=49394737&location=ts&searchword=IT%EA%B0%9C%EB%B0%9C%C2%B7%EB%8D%B0%EC%9D%B4%ED%84%B0&searchType=search&paid_fl=n&search_uuid=83bd6c98-5862-42a1-a8fe-7fafde54d9df,서울 강남구,경력무관,고졸↑,265 만원,정규직,~ 12/13(금),"경비원, 경비지도사, 경호원, 보안요원, 안전요원 외                    등록일 24/11/13",IT개발·데이터 지원 급상승,등록일 24/11/13
IT개발·데이터,(주)프로에스콤,[3교대근무] LG U+ 평촌메가센터 보안 사원 모집,https://www.saramin.co.kr/zf_user/jobs/relay/view?view_type=search&rec_idx=49425393&location=ts&searchword=IT%EA%B0%9C%EB%B0%9C%C2%B7%EB%8D%B0%EC%9D%B4%ED%84%B0&searchType=search&paid_fl=n&search_uuid=83bd6c98-5862-42a1-a8fe-7fafde54d9df,경기 안양시 동안구,경력무관,고졸↑,285 만원,계약직,~ 12/19(목),"보안컨설팅, 정보보안, 경비원, 경비지도사, 보안요원 외                    등록일 24/11/19",IT개발·데이터 조회 급상승,등록일 24/11/19
IT개발·데이터,(주)프로에스콤,[주6일근무/월240만] 트윈타워 주차관제사원 모집,https://www.saramin.co.kr/zf_user/jobs/relay/view?view_type=search&rec_idx=49473826&location=ts&searchword=IT%EA%B0%9C%EB%B0%9C%C2%B7%EB%8D%B0%EC%9D%B4%ED%84%B0&searchType=search&paid_fl=n&search_uuid=83bd6c98-5862-42a1-a8fe-7fafde54d9df,서울 영등포구,경력무관,학력무관,240 만원,정규직·계약직,상시채용,"정산관리, 주차요원, 고객응대, 요금정산, 보안관제 외                    등록일 24/11/26",,등록일 24/11/26
IT개발·데이터,(주)프로에스콤,[주간고정] LG파주이노텍 주간보안검색 사원 모집,https://www.saramin.co.kr/zf_user/jobs/relay/view?view_type=search&rec_idx=49514013&location=ts&searchword=IT%EA%B0%9C%EB%B0%9C%C2%B7%EB%8D%B0%EC%9D%B4%ED%84%B0&searchType=search&paid_fl=n&search_uuid=83bd6c98-5862-42a1-a8fe-7fafde54d9df,경기 파주시,경력무관,학력무관,266 만원,계약직,~ 01/02(목),"경비원, 경호원, 보안요원, 주차요원, 방범 외                    등록일 24/12/03",오늘 뜬,등록일 24/12/03
IT개발·데이터,(주)케이알산업,(주)KR산업 정보통신 기술자 채용,https://www.saramin.co.kr/zf_user/jobs/relay/view?view_type=search&rec_idx=49415840&location=ts&searchword=IT%EA%B0%9C%EB%B0%9C%C2%B7%EB%8D%B0%EC%9D%B4%ED%84%B0&searchType=search&paid_fl=n&search_uuid=499380b3-0e36-4040-b9ee-9cbda8adddc5,경기 광주시,경력무관,고졸↑,"3,000 만원",무기계약직·계약직,~ 12/18(수),"정보통신, 하드웨어, 펌웨어, 유지보수 수정일 24/11/26",자유로운 연차,수정일 24/11/26
IT개발·데이터,아트라스콥코코리아(주),[아트라스콥코코리아] 서비스 엔지니어 인턴십 (화성),https://www.saramin.co.kr/zf_user/jobs/relay/view?view_type=search&rec_idx=49409636&location=ts&searchword=IT%EA%B0%9C%EB%B0%9C%C2%B7%EB%8D%B0%EC%9D%B4%ED%84%B0&searchType=search&paid_fl=n&search_uuid=63722fab-2d7e-4800-a69b-13955390d8cd,경기 광명시,경력무관,초대졸↑,250 만원,인턴직,채용시,"기술지원, 임베디드, H/W, MCU, S/W 외                    등록일 24/11/15",생산 조회 급상승,등록일 24/11/15
IT개발·데이터,(주)하나로티앤에스,2024년 로지스밸리그룹 하나로TNS 글로벌영업 채용,https://www.saramin.co.kr/zf_user/jobs/relay/view?view_type=search&rec_idx=49509773&location=ts&searchword=IT%EA%B0%9C%EB%B0%9C%C2%B7%EB%8D%B0%EC%9D%B4%ED%84%B0&searchType=search&paid_fl=n&search_uuid=63722fab-2d7e-4800-a69b-13955390d8cd,경기 수원시 영통구,신입·경력,대졸↑,"4,000 만원",정규직,~ 12/31(화),"백엔드/서버개발, 앱개발, 웹개발, 감사, 전산회계 외                    등록일 24/12/02",인기있는,등록일 24/12/02
IT개발·데이터,(주)하나로티앤에스,2024년 로지스밸리그룹 하나로TNS 기획감사실 신입 및 경력 채용,https://www.saramin.co.kr/zf_user/jobs/relay/view?view_type=search&rec_idx=49509767&location=ts&searchword=IT%EA%B0%9C%EB%B0%9C%C2%B7%EB%8D%B0%EC%9D%B4%ED%84%B0&searchType=search&paid_fl=n&search_uuid=63722fab-2d7e-4800-a69b-13955390d8cd,경기 수원시 영통구,신입·경력,대졸↑,"4,000 만원",정규직,~ 12/31(화),"백엔드/서버개발, 앱개발, 웹개발, 감사, 전산회계 외                    등록일 24/12/02",인기있는,등록일 24/12/02
IT개발·데이터,대보정보통신(주),대구부산ITS 정보통신시설물 유지관리 직원 채용,https://www.saramin.co.kr/zf_user/jobs/relay/view?view_type=search&rec_idx=49379191&location=ts&searchword=IT%EA%B0%9C%EB%B0%9C%C2%B7%EB%8D%B0%EC%9D%B4%ED%84%B0&searchType=search&paid_fl=n&search_uuid=8758a8df-7209-4e9b-b1b9-ac0bbc0ee629,경남 밀양시,경력무관,학력무관,"3,000 만원",정규직,~ 01/10(금),"네트워크, H/W, 시설관리, 시설관리 수정일 24/11/11",장기근속 포상,수정일 24/11/11
IT개발·데이터,(주)아이피시,[부산/센텀시티] 게임 운영 담당자 채용,https://www.saramin.co.kr/zf_user/jobs/relay/view?view_type=search&rec_idx=49499156&location=ts&searchword=IT%EA%B0%9C%EB%B0%9C%C2%B7%EB%8D%B0%EC%9D%B4%ED%84%B0&searchType=search&paid_fl=n&search_uuid=8758a8df-7209-4e9b-b1b9-ac0bbc0ee629,부산 해운대구,경력무관,학력무관,"2,550 만원",파견직 (정규직 전환가능)·파견직,~ 12/29(일),"GM(게임운영), QA/테스터, 게임운영, 게임, GM·CS 외                    등록일 24/11/29",,등록일 24/11/29
IT개발·데이터,(주)아이피시,[서울/압구정] 외국계 게임사 PS Agent(운영) 담당자 채용,https://www.saramin.co.kr/zf_user/jobs/relay/view?view_type=search&rec_idx=49501874&location=ts&searchword=IT%EA%B0%9C%EB%B0%9C%C2%B7%EB%8D%B0%EC%9D%B4%ED%84%B0&searchType=search&paid_fl=n&search_uuid=8758a8df-7209-4e9b-b1b9-ac0bbc0ee629,서울 강남구,경력무관,학력무관,226 만원,파견직,~ 12/31(화),"GM(게임운영), QA/테스터, 사이트관리, 콘텐츠관리, 게임기획 외                    등록일 24/12/01",,등록일 24/12/01
IT개발·데이터,(주)케이티씨에스,[kt플라자] 경주플라자 채용공고,https://www.saramin.co.kr/zf_user/jobs/relay/view?view_type=search&rec_idx=49155107&location=ts&searchword=IT%EA%B0%9C%EB%B0%9C%C2%B7%EB%8D%B0%EC%9D%B4%ED%84%B0&searchType=search&paid_fl=n&search_uuid=deaa70bb-1c82-46f4-82a0-7d53ea7c5c6c,경북 경주시,경력무관,학력무관,"3,500 만원",기간제·계약직,채용시,"정보통신, IT·통신기기판매 수정일 24/11/26",연봉상승률 20% 이상,수정일 24/11/26
IT개발·데이터,(주)케이티씨에스,[포항점] kt플라자 채용공고,https://www.saramin.co.kr/zf_user/jobs/relay/view?view_type=search&rec_idx=49258305&location=ts&searchword=IT%EA%B0%9C%EB%B0%9C%C2%B7%EB%8D%B0%EC%9D%B4%ED%84%B0&searchType=search&paid_fl=n&search_uuid=deaa70bb-1c82-46f4-82a0-7d53ea7c5c6c,경북 포항시 남구,경력무관,학력무관,"3,500 만원",기간제·계약직,채용시,"정보통신, IT·통신기기판매 수정일 24/11/26",연봉상승률 20% 이상,수정일 24/11/26
IT개발·데이터,(주)케이티씨에스,[kt플라자] 상권영업그룹 매니저  채용공고,https://www.saramin.co.kr/zf_user/jobs/relay/view?view_type=search&rec_idx=49354928&location=ts&searchword=IT%EA%B0%9C%EB%B0%9C%C2%B7%EB%8D%B0%EC%9D%B4%ED%84%B0&searchType=search&paid_fl=n&search_uuid=deaa70bb-1c82-46f4-82a0-7d53ea7c5c6c,대구 중구,경력무관,학력무관,"3,700 만원",기간제·계약직,채용시,"정보통신, IT·통신기기판매 수정일 24/11/26",연봉상승률 20% 이상,수정일 24/11/26
IT개발·데이터,(주)케이티씨에스,[kt플라자] 플라자운영팀 스탭 채용공고,https://www.saramin.co.kr/zf_user/jobs/relay/view?view_type=search&rec_idx=49356713&location=ts&searchword=IT%EA%B0%9C%EB%B0%9C%C2%B7%EB%8D%B0%EC%9D%B4%ED%84%B0&searchType=search&paid_fl=n&search_uuid=deaa70bb-1c82-46f4-82a0-7d53ea7c5c6c,대구 중구,경력무관,학력무관,"3,500 만원",기간제·계약직,채용시,"정보통신, IT·통신기기판매 수정일 24/11/18",연봉상승률 20% 이상,수정일 24/11/18
IT개발·데이터,(주)케이티씨에스,[kt플라자] 대구권역 채용공고,https://www.saramin.co.kr/zf_user/jobs/relay/view?view_type=search&rec_idx=49422817&location=ts&searchword=IT%EA%B0%9C%EB%B0%9C%C2%B7%EB%8D%B0%EC%9D%B4%ED%84%B0&searchType=search&paid_fl=n&search_uuid=deaa70bb-1c82-46f4-82a0-7d53ea7c5c6c,대구 동구,경력무관,학력무관,"3,500 만원",기간제·계약직,채용시,"정보통신, IT·통신기기판매 수정일 24/11/26",IT개발·데이터 조회 급상승,수정일 24/11/26
IT개발·데이터,(주)케이티씨에스,[kt플라자] 상권영업그룹 시니어 프론티어  채용공고,https://www.saramin.co.kr/zf_user/jobs/relay/view?view_type=search&rec_idx=49422708&location=ts&searchword=IT%EA%B0%9C%EB%B0%9C%C2%B7%EB%8D%B0%EC%9D%B4%ED%84%B0&searchType=search&paid_fl=n&search_uuid=deaa70bb-1c82-46f4-82a0-7d53ea7c5c6c,대구 중구,경력무관,학력무관,"3,460 만원",기간제·계약직,~ 12/18(수),"정보통신, IT·통신기기판매 수정일 24/11/18",연봉상승률 20% 이상,수정일 24/11/18
IT개발·데이터,(주)티오에스코리아,"[판교/ 연봉 4,000~4,500 ]네트워크 / 보안엔지니어 채용",https://www.saramin.co.kr/zf_user/jobs/relay/view?view_type=search&rec_idx=49395106&location=ts&searchword=IT%EA%B0%9C%EB%B0%9C%C2%B7%EB%8D%B0%EC%9D%B4%ED%84%B0&searchType=search&paid_fl=n&search_uuid=deaa70bb-1c82-46f4-82a0-7d53ea7c5c6c,경기 성남시 분당구,경력무관,고졸↑,"4,500 만원",파견직 (정규직 전환가능)·파견직,내일마감,"기술지원, 유지보수, 정보보안, 네트워크, 보안관제 외                    수정일 24/12/02",IT개발·데이터 조회 급상승,수정일 24/12/02
웹개발백엔드/서버개발,(주)하나로티앤에스,2024년 로지스밸리그룹 하나로TNS 글로벌영업 채용,https://www.saramin.co.kr/zf_user/jobs/relay/view?view_type=search&rec_idx=49509773&location=ts&searchword=%EC%9B%B9%EA%B0%9C%EB%B0%9C%EB%B0%B1%EC%97%94%EB%93%9C%2F%EC%84%9C%EB%B2%84%EA%B0%9C%EB%B0%9C&searchType=search&paid_fl=n&search_uuid=2af6fc31-86e6-46ac-9531-99e219d5845d,경기 수원시 영통구,신입·경력,대졸↑,"4,000 만원",정규직,~ 12/31(화),"백엔드/서버개발, 앱개발, 웹개발, 감사, 전산회계 외                    등록일 24/12/02",인기있는,등록일 24/12/02
웹개발백엔드/서버개발,(주)하나로티앤에스,2024년 로지스밸리그룹 하나로TNS 기획감사실 신입 및 경력 채용,https://www.saramin.co.kr/zf_user/jobs/relay/view?view_type=search&rec_idx=49509767&location=ts&searchword=%EC%9B%B9%EA%B0%9C%EB%B0%9C%EB%B0%B1%EC%97%94%EB%93%9C%2F%EC%84%9C%EB%B2%84%EA%B0%9C%EB%B0%9C&searchType=search&paid_fl=n&search_uuid=2af6fc31-86e6-46ac-9531-99e219d5845d,경기 수원시 영통구,신입·경력,대졸↑,"4,000 만원",정규직,~ 12/31(화),"백엔드/서버개발, 앱개발, 웹개발, 감사, 전산회계 외                    등록일 24/12/02",인기있는,등록일 24/12/02
웹개발백엔드/서버개발,나이스평가정보(주),[NICE평가정보] 개발자 경력직 채용,https://www.saramin.co.kr/zf_user/jobs/relay/view?view_type=search&rec_idx=49351274&location=ts&searchword=%EC%9B%B9%EA%B0%9C%EB%B0%9C%EB%B0%B1%EC%97%94%EB%93%9C%2F%EC%84%9C%EB%B2%84%EA%B0%9C%EB%B0%9C&searchType=search&paid_fl=n&search_uuid=dcae8bba-3c31-48f6-8175-baeca12c133b,서울 영등포구,경력3년↑,초대졸↑,"6,000 만원",기간제·계약직,~ 12/07(토),"백엔드/서버개발, 앱개발, 웹개발, 유지보수, C# 외                    수정일 24/11/07",인기있는,수정일 24/11/07
웹개발백엔드/서버개발,인스피언(주),기술연구소 경력 연구원 설계/개발(Java/React) 경력자 모집,https://www.saramin.co.kr/zf_user/jobs/relay/view?view_type=search&rec_idx=49378953&location=ts&searchword=%EC%9B%B9%EA%B0%9C%EB%B0%9C%EB%B0%B1%EC%97%94%EB%93%9C%2F%EC%84%9C%EB%B2%84%EA%B0%9C%EB%B0%9C&searchType=search&paid_fl=n&search_uuid=dcae8bba-3c31-48f6-8175-baeca12c133b,서울 금천구,경력10년↑,대졸↑,"6,500 만원",정규직,~ 01/10(금),"백엔드/서버개발, 웹개발, 개발PM, 솔루션, ERP 외                    수정일 24/11/21",평균연봉 상위 10%,수정일 24/11/21
웹개발백엔드/서버개발,(주)한국경영원,[(주)한국경영원] HR Saas  신입 개발자 구인,https://www.saramin.co.kr/zf_user/jobs/relay/view?view_type=search&rec_idx=49464697&location=ts&searchword=%EC%9B%B9%EA%B0%9C%EB%B0%9C%EB%B0%B1%EC%97%94%EB%93%9C%2F%EC%84%9C%EB%B2%84%EA%B0%9C%EB%B0%9C&searchType=search&paid_fl=n&search_uuid=d868cb40-2c38-4719-bcac-c91eabc8f39b,광주 북구,신입,학력무관,"3,240 만원",정규직,~ 12/25(수),"백엔드/서버개발, 앱개발, 웹개발, 프론트엔드, CSS 외                    등록일 24/11/25",,등록일 24/11/25
웹개발백엔드/서버개발,(주)이스트게임즈,[신입] 캐주얼 전략액션 클라이언트/모바일 실시간전략게임 서버,https://www.saramin.co.kr/zf_user/jobs/relay/view?view_type=search&rec_idx=49340879&location=ts&searchword=%EC%9B%B9%EA%B0%9C%EB%B0%9C%EB%B0%B1%EC%97%94%EB%93%9C%2F%EC%84%9C%EB%B2%84%EA%B0%9C%EB%B0%9C&searchType=search&paid_fl=n&search_uuid=01922f3a-0a9d-4c92-a70f-1f7742016163,서울 서초구,신입,학력무관,"4,440 만원",정규직,~ 01/04(토),"게임개발, 백엔드/서버개발, 앱개발, 웹개발, C# 외                    수정일 24/12/03",IT개발·데이터 지원 급상승,수정일 24/12/03
웹개발백엔드/서버개발,아라소프트(주),[아라소프트(주)] 기업부설연구소 부소장 채용(경남 진주 근무),https://www.saramin.co.kr/zf_user/jobs/relay/view?view_type=search&rec_idx=49403333&location=ts&searchword=%EC%9B%B9%EA%B0%9C%EB%B0%9C%EB%B0%B1%EC%97%94%EB%93%9C%2F%EC%84%9C%EB%B2%84%EA%B0%9C%EB%B0%9C&searchType=search&paid_fl=n&search_uuid=01922f3a-0a9d-4c92-a70f-1f7742016163,경남 진주시,경력10년↑,석사↑,"6,000 만원",정규직,채용시,"백엔드/서버개발, 앱개발, 웹개발, R&D, R&D기획 외                    수정일 24/11/26",,수정일 24/11/26
웹개발백엔드/서버개발,(주)시내엔들,"IT 솔루션 - 클라이언트 개발자 (Vue.js, Flutter) 신입/경력",https://www.saramin.co.kr/zf_user/jobs/relay/view?view_type=search&rec_idx=49350432&location=ts&searchword=%EC%9B%B9%EA%B0%9C%EB%B0%9C%EB%B0%B1%EC%97%94%EB%93%9C%2F%EC%84%9C%EB%B2%84%EA%B0%9C%EB%B0%9C&searchType=search&paid_fl=n&search_uuid=f50668b4-3620-4426-a521-d771e44df9a9,서울 송파구,경력무관,대졸↑,"3,000 만원",정규직,채용시,"웹개발, 반응형웹, 솔루션, S/W, Ajax 외                    수정일 24/11/06",연봉상승률 10% 이상,수정일 24/11/06
웹개발백엔드/서버개발,(주)한국아이오티기술원,Java 백엔드 서버 개발자 모집,https://www.saramin.co.kr/zf_user/jobs/relay/view?view_type=search&rec_idx=49399495&location=ts&searchword=%EC%9B%B9%EA%B0%9C%EB%B0%9C%EB%B0%B1%EC%97%94%EB%93%9C%2F%EC%84%9C%EB%B2%84%EA%B0%9C%EB%B0%9C&searchType=search&paid_fl=n&search_uuid=f50668b4-3620-4426-a521-d771e44df9a9,서울 금천구,경력 5~10년,대졸↑,"5,000 만원",정규직,~ 12/14(토),"백엔드/서버개발, 웹개발, Java, Linux, Node.js 외                    등록일 24/11/14",IT개발·데이터 조회 급상승,등록일 24/11/14
웹개발백엔드/서버개발,(주)케이에스씨앤씨,"금융권 SM(운영) 개발자 모집(계약직, 중급)",https://www.saramin.co.kr/zf_user/jobs/relay/view?view_type=search&rec_idx=49400605&location=ts&searchword=%EC%9B%B9%EA%B0%9C%EB%B0%9C%EB%B0%B1%EC%97%94%EB%93%9C%2F%EC%84%9C%EB%B2%84%EA%B0%9C%EB%B0%9C&searchType=search&paid_fl=n&search_uuid=f50668b4-3620-4426-a521-d771e44df9a9,서울 강남구,경력5년↑,초대졸↑,600 만원,계약직,~ 12/21(토),"백엔드/서버개발, 웹개발, 유지보수, API, Node.js 외                    등록일 24/11/14",연봉상승률 15% 이상,등록일 24/11/14
게임개발,(주)참테크놀로지,[가족친화기업] 2024년 영업지원(내근직) 정규직 채용공고,https://www.saramin.co.kr/zf_user/jobs/relay/view?view_type=search&rec_idx=49157455&location=ts&searchword=%EA%B2%8C%EC%9E%84%EA%B0%9C%EB%B0%9C&searchType=search&paid_fl=n&search_uuid=a1d0ecae-1128-4d19-a18e-6eb74b00f9f1,경기 광명시,경력무관,고졸↑,"3,000 만원",정규직,상시채용,"계산서발행, 기업회계, 세무회계, 사무직, 서무 외                    등록일 24/10/08",회계·세무·재무 스크랩 급상승,등록일 24/10/08
게임개발,(주)에스엠티,SMT 관리직 총무팀 사원 신입/경력 사원,https://www.saramin.co.kr/zf_user/jobs/relay/view?view_type=search&rec_idx=49480758&location=ts&searchword=%EA%B2%8C%EC%9E%84%EA%B0%9C%EB%B0%9C&searchType=search&paid_fl=n&search_uuid=a1d0ecae-1128-4d19-a18e-6eb74b00f9f1,경북 경산시,신입·경력,학력무관,"4,128 만원",정규직,~ 12/07(토),"연말정산, 총무, 경영지원, 급여(Payroll), 복리후생 외                    등록일 24/11/27",회계·세무·재무 지원 급상승,등록일 24/11/27
게임개발,(주)에스엠티,2024년 SMT 관리직 신입/경력 사원 공개 채용,https://www.saramin.co.kr/zf_user/jobs/relay/view?view_type=search&rec_idx=49491919&location=ts&searchword=%EA%B2%8C%EC%9E%84%EA%B0%9C%EB%B0%9C&searchType=search&paid_fl=n&search_uuid=a1d0ecae-1128-4d19-a18e-6eb74b00f9f1,경북 경산시,신입·경력,대졸↑,"5,160 만원",정규직,~ 12/29(일),"총무, 공정엔지니어, 공정설계, 물류관리, 자재관리 외                    등록일 24/11/29",구매·자재·물류 지원 TOP100,등록일 24/11/29
게임개발,스타라이크(주),경영지원 재무·회계·총무 담당 경력사원 채용,https://www.saramin.co.kr/zf_user/jobs/relay/view?view_type=search&rec_idx=49505445&location=ts&searchword=%EA%B2%8C%EC%9E%84%EA%B0%9C%EB%B0%9C&searchType=search&paid_fl=n&search_uuid=a1d0ecae-1128-4d19-a18e-6eb74b00f9f1,서울 마포구,경력 2~20년,초대졸↑,"3,000 만원",정규직,~ 12/15(일),"경리, IR/공시, 관리회계, 세무조정, 원가회계 외                    수정일 24/12/02",인기있는,수정일 24/12/02
게임개발,(주)이지스,3차원 시각화 연구&개발 채용(부산 기술 연구소),https://www.saramin.co.kr/zf_user/jobs/relay/view?view_type=search&rec_idx=49436688&location=ts&searchword=%EA%B2%8C%EC%9E%84%EA%B0%9C%EB%B0%9C&searchType=search&paid_fl=n&search_uuid=a1d0ecae-1128-4d19-a18e-6eb74b00f9f1,부산 해운대구,경력무관,학력무관,"3,500 만원",정규직,~ 12/31(화),"게임개발, 기술지원, 데이터분석가, 데이터엔지니어, 앱개발 외                    등록일 24/11/20",IT개발·데이터 지원 급상승,등록일 24/11/20
게임개발,(주)이스트게임즈,[신입] 캐주얼 전략액션 클라이언트/모바일 실시간전략게임 서버,https://www.saramin.co.kr/zf_user/jobs/relay/view?view_type=search&rec_idx=49340879&location=ts&searchword=%EA%B2%8C%EC%9E%84%EA%B0%9C%EB%B0%9C&searchType=search&paid_fl=n&search_uuid=a1d0ecae-1128-4d19-a18e-6eb74b00f9f1,서울 서초구,신입,학력무관,"4,440 만원",정규직,~ 01/04(토),"게임개발, 백엔드/서버개발, 앱개발, 웹개발, C# 외                    수정일 24/12/03",IT개발·데이터 지원 급상승,수정일 24/12/03
게임개발,(주)스타에이치알,전산OP/나이스계열사/신입환영/IT경력쌓고월급받기,https://www.saramin.co.kr/zf_user/jobs/relay/view?view_type=search&rec_idx=49370119&location=ts&searchword=%EA%B2%8C%EC%9E%84%EA%B0%9C%EB%B0%9C&searchType=search&paid_fl=n&search_uuid=7826c408-4f94-4d62-87a9-d4f280c0c630,서울 영등포구,경력무관,학력무관,267 만원,파견직,채용시,"게임개발, 기술지원, 데이터엔지니어, 보안컨설팅, 유지보수 외                    등록일 24/11/10",인기있는,등록일 24/11/10
게임개발,(주)엠공사이,융합형 교육프로그램 기획 및 운영 정규직 채용,https://www.saramin.co.kr/zf_user/jobs/relay/view?view_type=search&rec_idx=49377097&location=ts&searchword=%EA%B2%8C%EC%9E%84%EA%B0%9C%EB%B0%9C&searchType=search&paid_fl=n&search_uuid=7826c408-4f94-4d62-87a9-d4f280c0c630,대전 서구,신입·경력,대졸↑,"3,200 만원",정규직,~ 12/10(화),"게임개발, 기획, 교육컨설턴트, 교육기획, 행사기획 외                    수정일 24/11/11",취업축하금,수정일 24/11/11
게임개발,인파이니,"[유니티 개발자] 신입가능, 재택가능, 유연근무제",https://www.saramin.co.kr/zf_user/jobs/relay/view?view_type=search&rec_idx=49412776&location=ts&searchword=%EA%B2%8C%EC%9E%84%EA%B0%9C%EB%B0%9C&searchType=search&paid_fl=n&search_uuid=7826c408-4f94-4d62-87a9-d4f280c0c630,서울 강서구,경력무관,학력무관,"3,000 만원",정규직,~ 12/15(일),"게임개발, 게임개발, 디자인, 게임디자인, Unity 외                    등록일 24/11/15",디자인 스크랩 급상승,등록일 24/11/15
게임개발,(주)이스트게임즈,DevOps 엔지니어,https://www.saramin.co.kr/zf_user/jobs/relay/view?view_type=search&rec_idx=49340860&location=ts&searchword=%EA%B2%8C%EC%9E%84%EA%B0%9C%EB%B0%9C&searchType=search&paid_fl=n&search_uuid=7826c408-4f94-4d62-87a9-d4f280c0c630,서울 서초구,경력무관,학력무관,"4,440 만원",정규직,~ 01/04(토),"기술지원, SE(시스템엔지니어), 네트워크, 인프라, 클라우드 외                    수정일 24/11/12",IT개발·데이터 조회 급상승,수정일 24/11/12
게임개발,주식회사 셀로닉스,주식회사 셀로닉스 기술지원부 SI팀 IT개발 채용,https://www.saramin.co.kr/zf_user/jobs/relay/view?view_type=search&rec_idx=49284869&location=ts&searchword=%EA%B2%8C%EC%9E%84%EA%B0%9C%EB%B0%9C&searchType=search&paid_fl=n&search_uuid=7d5e4cd3-77b6-40bd-8d38-1d6514205987,전북 익산시,경력무관,학력무관,"4,080 만원",정규직,~ 12/27(금),"기술지원, 웹개발, 웹마스터, 유지보수, 정보보안 외                    등록일 24/10/28",IT개발·데이터 조회 급상승,등록일 24/10/28
게임개발,(주)플레이팩토리,[PLAYFACTORY] 게임 패치 관리 업무 (사무직),https://www.saramin.co.kr/zf_user/jobs/relay/view?view_type=search&rec_idx=49491812&location=ts&searchword=%EA%B2%8C%EC%9E%84%EA%B0%9C%EB%B0%9C&searchType=search&paid_fl=n&search_uuid=7d5e4cd3-77b6-40bd-8d38-1d6514205987,경기 성남시 분당구,경력무관,대졸↑,"3,000 만원",정규직,채용시,"QA/테스터, 고객응대, 고객관리, 솔루션업체, 소프트웨어개발 등록일 24/11/29",고객상담·TM 지원 급상승,등록일 24/11/29
게임개발,(주)열림커뮤니케이션,게임을 함께 운영하고 관리할 게임운영자(GM)을 모집합니다.,https://www.saramin.co.kr/zf_user/jobs/relay/view?view_type=search&rec_idx=49415172&location=ts&searchword=%EA%B2%8C%EC%9E%84%EA%B0%9C%EB%B0%9C&searchType=search&paid_fl=n&search_uuid=7d5e4cd3-77b6-40bd-8d38-1d6514205987,경기 고양시 덕양구,신입,고졸↑,"3,000 만원",정규직,~ 01/16(목),"기획, GM(게임운영), QA/테스터, 게임기획, 게임기획·마케팅 외                    수정일 24/11/26",,수정일 24/11/26
게임개발,그로발스타해운(주),해운대리점부 신입사원 모집 (영어or러시아어 필수),https://www.saramin.co.kr/zf_user/jobs/relay/view?view_type=search&rec_idx=49292534&location=ts&searchword=%EA%B2%8C%EC%9E%84%EA%B0%9C%EB%B0%9C&searchType=search&paid_fl=n&search_uuid=ae596860-47e2-4507-8f07-004b8fc0a41b,부산 서구,경력무관,대졸↑,"3,700 만원",정규직,~ 12/28(토),"세관, 보세운송, 해상운송, 무역사무원, 포워더 외                    수정일 24/11/29",구매·자재·물류 스크랩 급상승,수정일 24/11/29
게임개발,주식회사 셀로닉스,주식회사 셀로닉스 기술지원부 MD팀 정규직 채용,https://www.saramin.co.kr/zf_user/jobs/relay/view?view_type=search&rec_idx=49284917&location=ts&searchword=%EA%B2%8C%EC%9E%84%EA%B0%9C%EB%B0%9C&searchType=search&paid_fl=n&search_uuid=ae596860-47e2-4507-8f07-004b8fc0a41b,전북 익산시,경력무관,학력무관,"4,080 만원",정규직,~ 12/27(금),"기계설계, 기구설계, 기술설계, 자동화설계, 전기설계 외                    수정일 24/11/21",생산 조회 급상승,수정일 24/11/21
게임개발,에이치알컴퍼니(주),"대전 유튜브 쇼츠 영상,기획 편집자 모집합니다. 인턴근무",https://www.saramin.co.kr/zf_user/jobs/relay/view?view_type=search&rec_idx=49493204&location=ts&searchword=%EA%B2%8C%EC%9E%84%EA%B0%9C%EB%B0%9C&searchType=search&paid_fl=n&search_uuid=901f48c4-3735-4bd7-9bdc-b666ad7f8515,대전 유성구,경력무관,초대졸↑,210 만원,계약직·인턴직,~ 12/29(일),"크리에이터, 영상자막, 영상제작, 유튜브, 모션그래픽 외                    수정일 24/11/29",미디어·문화·스포츠 지원 급상승,수정일 24/11/29
게임개발,주식회사 더크리스피,[크리스피] 숏폼 드라마 제작 보조 인턴/아르바이트 채용 공고,https://www.saramin.co.kr/zf_user/jobs/relay/view?view_type=search&rec_idx=49498148&location=ts&searchword=%EA%B2%8C%EC%9E%84%EA%B0%9C%EB%B0%9C&searchType=search&paid_fl=n&search_uuid=901f48c4-3735-4bd7-9bdc-b666ad7f8515,서울 강남구,신입,대졸↑,250 만원,인턴직·아르바이트,채용시,"영화제작, 영어, 촬영, 드라마, 영화 외                    수정일 24/11/29",미디어·문화·스포츠 스크랩 급상승,수정일 24/11/29
게임개발,루키스,교육 컨텐츠 기획자 구인,https://www.saramin.co.kr/zf_user/jobs/relay/view?view_type=search&rec_idx=49480402&location=ts&searchword=%EA%B2%8C%EC%9E%84%EA%B0%9C%EB%B0%9C&searchType=search&paid_fl=n&search_uuid=901f48c4-3735-4bd7-9bdc-b666ad7f8515,서울 관악구,경력무관,학력무관,"3,200 만원",계약직,채용시,"게임개발, 디자인, 온라인교육, 교육기획, 교육컨텐츠기획 외                    수정일 24/11/27",기획·전략 조회 급상승,수정일 24/11/27
게임개발,주식회사 코리아엔터아카데미학원,[코리아엔터아카데미] 연기학원 정규직 사업부  채용,https://www.saramin.co.kr/zf_user/jobs/relay/view?view_type=search&rec_idx=49444536&location=ts&searchword=%EA%B2%8C%EC%9E%84%EA%B0%9C%EB%B0%9C&searchType=search&paid_fl=n&search_uuid=901f48c4-3735-4bd7-9bdc-b666ad7f8515,서울 강남구,경력무관,초대졸↑,"2,780 만원",정규직,~ 01/20(월),"게임개발, 디자인, 교육컨설턴트, 온라인교육, 영업관리 외                    등록일 24/11/21",미디어·문화·스포츠 조회 급상승,등록일 24/11/21
게임개발,㈜그린맨파워,[역삼/중식지원/유명게임사] 게임 QA 채용,https://www.saramin.co.kr/zf_user/jobs/relay/view?view_type=search&rec_idx=49329093&location=ts&searchword=%EA%B2%8C%EC%9E%84%EA%B0%9C%EB%B0%9C&searchType=search&paid_fl=n&search_uuid=be36456e-8f1e-49de-8b0f-f4871db26884,서울 강남구,경력무관,학력무관,233 만원,파견직,내일마감,"게임개발, 앱개발, 웹개발, 퍼블리셔, GM(게임운영) 외                    수정일 24/11/20",미디어·문화·스포츠 조회 급상승,수정일 24/11/20
게임개발,㈜그린맨파워,[인덕원/복지우수] 유명게임사 게임 QA 채용,https://www.saramin.co.kr/zf_user/jobs/relay/view?view_type=search&rec_idx=49462345&location=ts&searchword=%EA%B2%8C%EC%9E%84%EA%B0%9C%EB%B0%9C&searchType=search&paid_fl=n&search_uuid=be36456e-8f1e-49de-8b0f-f4871db26884,경기 안양시 동안구,경력무관,학력무관,220 만원,파견직,~ 12/25(수),"게임개발, GM(게임운영), QA/테스터, 게임기획, MMORPG 외                    등록일 24/11/25",기획·전략 지원 급상승,등록일 24/11/25
게임개발,㈜그린맨파워,"[판교/카카오계열사] 게임/웹,앱서비스 QA 채용",https://www.saramin.co.kr/zf_user/jobs/relay/view?view_type=search&rec_idx=49490878&location=ts&searchword=%EA%B2%8C%EC%9E%84%EA%B0%9C%EB%B0%9C&searchType=search&paid_fl=n&search_uuid=be36456e-8f1e-49de-8b0f-f4871db26884,경기 성남시 분당구,경력무관,학력무관,"2,600 만원",계약직·파견직,~ 12/28(토),"게임개발, 앱개발, 웹개발, GM(게임운영), QA/테스터 외                    등록일 24/11/28",기획·전략 조회 급상승,등록일 24/11/28
게임개발,㈜그린맨파워,[ 판교 / 카카오계열사 ] 게임 또는 웹.앱 서비스 QA 채용,https://www.saramin.co.kr/zf_user/jobs/relay/view?view_type=search&rec_idx=49494452&location=ts&searchword=%EA%B2%8C%EC%9E%84%EA%B0%9C%EB%B0%9C&searchType=search&paid_fl=n&search_uuid=be36456e-8f1e-49de-8b0f-f4871db26884,경기 성남시 분당구,경력무관,학력무관,220 만원,계약직·파견직,~ 12/14(토),"게임개발, 기술지원, 앱개발, 웹개발, 유지보수 외                    수정일 24/11/29",,수정일 24/11/29
게임개발,㈜그린맨파워,[교대/유명코스닥상장게임사] 게임 QA,https://www.saramin.co.kr/zf_user/jobs/relay/view?view_type=search&rec_idx=49512069&location=ts&searchword=%EA%B2%8C%EC%9E%84%EA%B0%9C%EB%B0%9C&searchType=search&paid_fl=n&search_uuid=be36456e-8f1e-49de-8b0f-f4871db26884,서울 서초구,경력무관,학력무관,230 만원,계약직·파견직 (정규직 전환가능),~ 01/01(수),"게임개발, GM(게임운영), QA/테스터, 사무직, 게임기획 외                    수정일 24/12/02",,수정일 24/12/02
게임개발,(주)엠제이플렉스,[서울랜드/경력직] 신사업 'BLOOM' 콘텐츠 기획 담당자 채용,https://www.saramin.co.kr/zf_user/jobs/relay/view?view_type=search&rec_idx=49490260&location=ts&searchword=%EA%B2%8C%EC%9E%84%EA%B0%9C%EB%B0%9C&searchType=search&paid_fl=n&search_uuid=c0a611c8-fa75-4af9-bc1c-c214b451696a,서울 강남구,경력 5~10년,학력무관,"10,000 만원",정규직,~ 12/28(토),"기획, 웹개발, 프로모션기획, SNS, 마케팅기획 외                    등록일 24/11/28",마케팅·홍보·조사 지원 급상승,등록일 24/11/28
게임개발,에이스휴먼파워(주),글로벌 앱 스토어 [앱 개발자 안내 서포트] #영어필수 #메일안내,https://www.saramin.co.kr/zf_user/jobs/relay/view?view_type=search&rec_idx=49465167&location=ts&searchword=%EA%B2%8C%EC%9E%84%EA%B0%9C%EB%B0%9C&searchType=search&paid_fl=n&search_uuid=c0a611c8-fa75-4af9-bc1c-c214b451696a,서울 용산구,경력무관,고졸↑,"3,132 만원",계약직,~ 12/06(금),"기술지원, 앱개발, 정보보안, 사무직, 문서작성 외                    수정일 24/11/29",워라밸,수정일 24/11/29
게임개발,(주)이스트게임즈,정보 보안 엔지니어,https://www.saramin.co.kr/zf_user/jobs/relay/view?view_type=search&rec_idx=49340846&location=ts&searchword=%EA%B2%8C%EC%9E%84%EA%B0%9C%EB%B0%9C&searchType=search&paid_fl=n&search_uuid=c0a611c8-fa75-4af9-bc1c-c214b451696a,서울 서초구,경력무관,학력무관,"3,780 만원",정규직,~ 01/04(토),"보안컨설팅, 유지보수, 정보보안, 모의해킹, C# 외                    등록일 24/11/05",IT개발·데이터 조회 급상승,등록일 24/11/05
게임개발,제이레퍼토리,홍보대행사 행정비서실 경영지원업무 및 대표자 비서 업무 파트,https://www.saramin.co.kr/zf_user/jobs/relay/view?view_type=search&rec_idx=49410768&location=ts&searchword=%EA%B2%8C%EC%9E%84%EA%B0%9C%EB%B0%9C&searchType=search&paid_fl=n&search_uuid=f814bd39-c9f2-42c3-b340-0e62f9e72bd7,서울 마포구,경력무관,초대졸↑,"2,500 만원",정규직,~ 12/15(일),"경리, 급여(Payroll), 법인결산, 전표입력, 출납 외                    등록일 24/11/15",기획·전략 스크랩 급상승,등록일 24/11/15
게임개발,제이레퍼토리,홍보대행사 경영지원업무 및 행정비서 대표자 업무지원 파트,https://www.saramin.co.kr/zf_user/jobs/relay/view?view_type=search&rec_idx=49462245&location=ts&searchword=%EA%B2%8C%EC%9E%84%EA%B0%9C%EB%B0%9C&searchType=search&paid_fl=n&search_uuid=f814bd39-c9f2-42c3-b340-0e62f9e72bd7,서울 마포구,경력무관,초대졸↑,"2,500 만원",정규직,~ 12/25(수),"경리, 급여(Payroll), 법인결산, 전표입력, 출납 외                    등록일 24/11/25",유연근무제,등록일 24/11/25
앱개발,(주)닥터스바이오텍,[앱개발] 개발자 채용 (경력 모집),https://www.saramin.co.kr/zf_user/jobs/relay/view?view_type=search&rec_idx=49449492&location=ts&searchword=%EC%95%B1%EA%B0%9C%EB%B0%9C&searchType=search&paid_fl=n&search_uuid=74200cfb-6c36-4d90-a534-5cb51550b4dc,서울 강남구,경력7년↑,대졸↑,"6,000 만원",정규직,~ 12/22(일),"앱개발, 웹개발, 프론트엔드, 백엔드/서버개발, 유지보수 외                    수정일 24/11/22",프리한 복장,수정일 24/11/22
앱개발,컴파이드(주),[앱개발] 소프트웨어 프로그래밍 개발자 채용,https://www.saramin.co.kr/zf_user/jobs/relay/view?view_type=search&rec_idx=49333795&location=ts&searchword=%EC%95%B1%EA%B0%9C%EB%B0%9C&searchType=search&paid_fl=n&search_uuid=74200cfb-6c36-4d90-a534-5cb51550b4dc,경기 수원시 장안구,경력무관,대졸↑,"3,600 만원",정규직,내일마감,"앱개발, 프론트엔드, 백엔드/서버개발, 솔루션, 데이터분석가 외                    수정일 24/11/08",,수정일 24/11/08
앱개발,에이스휴먼파워(주),글로벌 앱 스토어 [앱 개발자 안내 서포트] #영어필수 #메일안내,https://www.saramin.co.kr/zf_user/jobs/relay/view?view_type=search&rec_idx=49465167&location=ts&searchword=%EC%95%B1%EA%B0%9C%EB%B0%9C&searchType=search&paid_fl=n&search_uuid=bc215419-1930-4605-b2ec-c8fcd1878e94,서울 용산구,경력무관,고졸↑,"3,132 만원",계약직,~ 12/06(금),"앱개발, 기술지원, 정보보안, 사무직, 문서작성 외                    수정일 24/11/29",워라밸,수정일 24/11/29
앱개발,(주)매치게이트,신규 프로젝트(웹/앱) 풀스택 개발자 적극 채용,https://www.saramin.co.kr/zf_user/jobs/relay/view?view_type=search&rec_idx=49443904&location=ts&searchword=%EC%95%B1%EA%B0%9C%EB%B0%9C&searchType=search&paid_fl=n&search_uuid=2975b0c2-4217-434d-908f-776233296795,서울 강남구,경력,학력무관,"3,600 만원",정규직,~ 12/06(금),"앱개발, 웹개발, 프론트엔드, 풀스택, AWS 외                    등록일 24/11/21",IT개발·데이터 지원 급상승,등록일 24/11/21
앱개발,보윙(주),[경력] 웹/앱 개발자 프론트엔드 경력(2~3년차) 모집 - 판교근무,https://www.saramin.co.kr/zf_user/jobs/relay/view?view_type=search&rec_idx=49448289&location=ts&searchword=%EC%95%B1%EA%B0%9C%EB%B0%9C&searchType=search&paid_fl=n&search_uuid=2975b0c2-4217-434d-908f-776233296795,경기 성남시 수정구,경력2년↑,대졸↑,"3,600 만원",정규직·계약직,~ 12/21(토),"앱개발, 웹개발, 프론트엔드, 백엔드/서버개발, 솔루션 외                    수정일 24/11/22",IT개발·데이터 조회 급상승,수정일 24/11/22
앱개발,토미퓨처(유),백엔드 개발 & 앱 개발자 모집,https://www.saramin.co.kr/zf_user/jobs/relay/view?view_type=search&rec_idx=49361769&location=ts&searchword=%EC%95%B1%EA%B0%9C%EB%B0%9C&searchType=search&paid_fl=n&search_uuid=2975b0c2-4217-434d-908f-776233296795,경기 남양주시,경력 2~5년,초대졸↑,"3,500 만원",정규직,~ 12/08(일),"앱개발, Android, 백엔드/서버개발, 유지보수, AWS 외                    수정일 24/11/08",,수정일 24/11/08
앱개발,(주)에코카우,공덕 (react-native) 앱 개발자 채용,https://www.saramin.co.kr/zf_user/jobs/relay/view?view_type=search&rec_idx=49498543&location=ts&searchword=%EC%95%B1%EA%B0%9C%EB%B0%9C&searchType=search&paid_fl=n&search_uuid=e0c5e9d1-d7fc-48b0-8c68-d483c64c7806,서울 마포구,경력2년↑,학력무관,"3,600 만원",정규직,~ 12/29(일),"앱개발, Android, 프론트엔드, iOS, 유지보수 외                    등록일 24/11/29",,등록일 24/11/29
앱개발,(주)라이프플래닝연구소,AI기반 영어학습채팅앱 개발사 정부지원사업 담당자(중장년우대),https://www.saramin.co.kr/zf_user/jobs/relay/view?view_type=search&rec_idx=49461319&location=ts&searchword=%EC%95%B1%EA%B0%9C%EB%B0%9C&searchType=search&paid_fl=n&search_uuid=34aa6560-1e8b-4467-8673-0e8467313192,서울 강남구,경력2년↑,대졸↑,300 만원,계약직,~ 12/09(월),"세무회계, 자금관리, 공공영업, 사업기획, 실적관리 외                    등록일 24/11/25",재택근무,등록일 24/11/25
앱개발,소프트웨이(주),"기술을 함께 성장하실 개발자 모집 - 웹, 앱, 모바일, AI",https://www.saramin.co.kr/zf_user/jobs/relay/view?view_type=search&rec_idx=49483444&location=ts&searchword=%EC%95%B1%EA%B0%9C%EB%B0%9C&searchType=search&paid_fl=n&search_uuid=34aa6560-1e8b-4467-8673-0e8467313192,서울 강서구,경력무관,학력무관,"3,000 만원",정규직,~ 12/27(금),"앱개발, 웹개발, Android, S/W, Python 외                    등록일 24/11/27",IT개발·데이터 지원 급상승,등록일 24/11/27
앱개발,(주)웰브릿지,"(주)웰브릿지 APP유지보수 & 개발/ASP, PHP시니어급 개발자 구인",https://www.saramin.co.kr/zf_user/jobs/relay/view?view_type=search&rec_idx=49357966&location=ts&searchword=%EC%95%B1%EA%B0%9C%EB%B0%9C&searchType=search&paid_fl=n&search_uuid=19182827-ae6f-4e1e-b8d2-4737e389d6e2,서울 송파구,경력무관,학력무관,"3,600 만원",정규직,~ 12/07(토),"앱개발, 웹개발, 백엔드/서버개발, 유지보수, Javascript 외                    등록일 24/11/07",재택근무,등록일 24/11/07
앱개발,(주)코세코,"SW, App 개발자 모집(정규직, 신입/경력)",https://www.saramin.co.kr/zf_user/jobs/relay/view?view_type=search&rec_idx=49165084&location=ts&searchword=%EC%95%B1%EA%B0%9C%EB%B0%9C&searchType=search&paid_fl=n&search_uuid=19182827-ae6f-4e1e-b8d2-4737e389d6e2,서울 양천구,신입·경력,대졸↑,"3,500 만원",정규직,~ 12/09(월),"앱개발, 유지보수, 개발PM, 무역업, 수입유통 등록일 24/10/10",성과급/상여금,등록일 24/10/10
앱개발,(주)지오앤,주식회사 지오앤 Web/App 개발 분야 모집,https://www.saramin.co.kr/zf_user/jobs/relay/view?view_type=search&rec_idx=49390708&location=ts&searchword=%EC%95%B1%EA%B0%9C%EB%B0%9C&searchType=search&paid_fl=n&search_uuid=19182827-ae6f-4e1e-b8d2-4737e389d6e2,경기 고양시 덕양구,경력5년↑,대졸↑,"4,500 만원",정규직,상시채용,"앱개발, 웹개발, Java, 유지보수, 솔루션 외                    등록일 24/11/13",급성장중,등록일 24/11/13
앱개발,(주)티업엔조이,WEB/APP 개발자 모집,https://www.saramin.co.kr/zf_user/jobs/relay/view?view_type=search&rec_idx=49412449&location=ts&searchword=%EC%95%B1%EA%B0%9C%EB%B0%9C&searchType=search&paid_fl=n&search_uuid=272f897b-a4c4-460a-ad86-9d423bb9def9,서울 구로구,경력5년↑,학력무관,"6,000 만원",정규직·계약직,~ 12/15(일),"웹개발, Java, 클라우드, Ajax, HTML 외                    수정일 24/11/18",IT개발·데이터 지원 급상승,수정일 24/11/18
앱개발,(주)에스아이티씨로지스틱스코리아,"포워더, 포워딩 /국제물류&항공운송 정규직 채용(신입/경력)",https://www.saramin.co.kr/zf_user/jobs/relay/view?view_type=search&rec_idx=49273374&location=ts&searchword=%EC%95%B1%EA%B0%9C%EB%B0%9C&searchType=search&paid_fl=n&search_uuid=446d4c4e-0990-4332-a88d-179947a45104,서울 강서구,신입·경력,초대졸↑,"3,200 만원",정규직,~ 12/24(화),"앱개발, AI(인공지능), 관세사, 관세사무원, 국제무역사 외                    수정일 24/11/26",구매·자재·물류 지원 급상승,수정일 24/11/26
앱개발,칼주식회사(영업소),[일본근무/CAL주식회사] IT개발자 정사원 채용/ 미경험 신입환영,https://www.saramin.co.kr/zf_user/jobs/relay/view?view_type=search&rec_idx=49348031&location=ts&searchword=%EC%95%B1%EA%B0%9C%EB%B0%9C&searchType=search&paid_fl=n&search_uuid=446d4c4e-0990-4332-a88d-179947a45104,일본,경력무관,초대졸↑,"3,600 만원",정규직,~ 12/06(금),"앱개발, 웹개발, Java, 백엔드/서버개발, 유지보수 외                    수정일 24/11/20",IT개발·데이터 스크랩 급상승,수정일 24/11/20
앱개발,(주)모은넷,기술연구소 SW개발자 채용 (JAVA/C#/.NET),https://www.saramin.co.kr/zf_user/jobs/relay/view?view_type=search&rec_idx=49450374&location=ts&searchword=%EC%95%B1%EA%B0%9C%EB%B0%9C&searchType=search&paid_fl=n&search_uuid=446d4c4e-0990-4332-a88d-179947a45104,경기 수원시 영통구,경력무관,대졸↑,"3,500 만원",정규직,~ 12/22(일),"앱개발, 웹개발, Java, Android, 프론트엔드 외                    수정일 24/12/02",IT개발·데이터 스크랩 급상승,수정일 24/12/02
앱개발,(주)에코카우,"백엔드(Spring Boot + ORM, MySQL) 채용 공고 (핵심 팀원 모집)",https://www.saramin.co.kr/zf_user/jobs/relay/view?view_type=search&rec_idx=49498522&location=ts&searchword=%EC%95%B1%EA%B0%9C%EB%B0%9C&searchType=search&paid_fl=n&search_uuid=446d4c4e-0990-4332-a88d-179947a45104,서울 마포구,경력무관,학력무관,"3,600 만원",정규직,~ 12/29(일),"앱개발, Android, 프론트엔드, 백엔드/서버개발, 인프라 외                    등록일 24/11/29",IT개발·데이터 지원 TOP100,등록일 24/11/29
앱개발,(주)이지엠앤씨,이지엠앤씨 사무직 신입 & 경력사원 모집,https://www.saramin.co.kr/zf_user/jobs/relay/view?view_type=search&rec_idx=49420714&location=ts&searchword=%EC%95%B1%EA%B0%9C%EB%B0%9C&searchType=search&paid_fl=n&search_uuid=eb246c8f-47d5-4b57-afda-038d5de5b75e,울산 남구,경력무관,학력무관,203 만원,계약직,~ 12/18(수),"총무, 문서작성, 사무보조, 사무행정, 서류관리 외                    수정일 24/11/29",연봉상승률 10% 이상,수정일 24/11/29
